Relationship,,2,16,32,64,113,128,177,209,225,241,1
K,,1,1,1,1,1,1,1,1,1,1,1
Cluster,,1,1,1,1,1,1,1,1,1,1,1
Position,Base,,,,,,,,,,,
1,G,7.96E-06,0.001154122,4.34E-05,0,0,0.000115736,0.050112238,0,0,0,0.9485665
2,G,8.12E-08,0.000943182,0.000283719,0,0,0.000564125,0.041477372,0,0,0,0.956731521
3,A,2.84E-07,0,0.001688591,0.001350869,0,0.00228433,0,0,0.035373419,0,0.959302507
4,G,0.000473148,0.000606312,0.000444904,0,0,0.000189514,0.047313323,0,0,0,0.950972799
5,C,1.61E-05,0.001426109,0,0.001765717,0,0.000860868,0,0.040538378,0,0,0.955392876
6,T,1.11E-22,1.99E-05,0.00015395,3.50E-05,0.038252169,0,0,0,0,0,0.96153895
7,T,5.55E-06,2.06E-05,3.79E-06,9.99E-06,0.04294006,0,0,0,0,0,0.957020031
8,T,5.64E-15,0.000479578,0.000581456,4.56E-06,0.04071059,0,0,0,0,0,0.958223816
9,G,0.000491304,0.000441674,0.003234672,0,0,0.000598333,0.041097174,0,0,0,0.954136843
10,T,7.70E-05,0.000122741,0.004673101,4.16E-05,0.037191735,0,0,0,0,0,0.95789379
11,T,1.60E-27,0.000124607,0.000256071,0.000602819,0.027909839,0,0,0,0,0,0.971106664
12,C,7.33E-06,0.000461307,0,0.000300879,0,8.88E-05,0,0.038219328,0,0,0.960922321
13,C,4.79E-08,0.001943856,0,0.00014649,0,0.001851556,0,0.037131355,0,0,0.958926696
14,T,8.87E-13,0.000651825,6.66E-06,0.000267914,0.043209926,0,0,0,0,0,0.955863671
15,T,1.85E-11,9.92E-07,0.000365925,1.45E-05,0.0439141,0,0,0,0,0,0.955704479
16,G,0.000135791,0.00089534,0.000101803,0,0,0.000220642,0.037595811,0,0,0,0.961050614
17,G,9.48E-06,0.001256367,0.00010431,0,0,0.001312734,0.037101111,0,0,0,0.960216002
18,G,0.002880204,0.001142244,0.000770048,0,0,0.001552438,0.033773798,0,0,0,0.959881267
19,T,0.000268549,1.39E-06,0.000130533,6.96E-05,0.044069193,0,0,0,0,0,0.955460694
20,T,5.60E-05,3.39E-06,2.88E-05,4.25E-06,0.037778279,0,0,0,0,0,0.962129298
21,C,5.32E-14,0.001372472,0,8.77E-05,0,0.00098829,0,0.039234303,0,0,0.95831719
22,T,4.05E-14,9.47E-05,0.000148929,0.00221795,0.033440587,0,0,0,0,0,0.964097859
23,T,3.05E-15,1.16E-05,0.000171318,1.68E-05,0.031976308,0,0,0,0,0,0.967824046
24,G,9.01E-09,0.000163518,0.000856915,0,0,0.002468084,0.036287957,0,0,0,0.960223517
25,G,0.000102842,6.19E-05,0.001718074,0,0,3.18E-05,0.047949475,0,0,0,0.950135974
26,G,7.28E-08,0.002862786,0.001957527,0,0,0.000913314,0.039435483,0,0,0,0.954830817
27,A,2.78E-26,0,0.000370838,1.42E-08,0,0.000472409,0,0,0.032810625,0,0.966346114
28,G,0.00011073,0.000441997,0.000702483,0,0,0.002162376,0.036518762,0,0,0,0.960063652
29,C,8.70E-18,0.000211521,0,0.000380068,0,0.004418833,0,0.028690154,0,0,0.966299424
30,A,4.96E-08,0,0.001497862,0.000163987,0,0.003147984,0,0,0.052526522,0,0.942663596
31,G,1.59E-17,0.002179201,0.004108587,0,0,0.00105486,0.041682025,0,0,0,0.950975327
32,C,6.41E-07,1.35E-05,0,0.000899496,0,0.000634871,0,0.047082235,0,0,0.951369223
33,A,1.99E-07,0,0.000550017,2.62E-05,0,0.000616709,0,0,0.045743458,0,0.95306337
34,G,8.03E-10,0.000238722,0.000392784,0,0,0.000809945,0.050846172,0,0,0,0.947712376
35,G,1.97E-18,0.000331843,8.15E-05,0,0,0.002008612,0.046510722,0,0,0,0.951067314
36,A,5.77E-06,0,0.001099571,0.00051838,0,0.001609265,0,0,0.058149658,0,0.938617357
37,A,1.18E-13,0,9.51E-05,4.34E-05,0,0.000696561,0,0,0.036720551,0,0.962444324
38,G,0.00020445,0.001900719,0.000179455,0,0,0.001296612,0.042543303,0,0,0,0.953875461
39,C,0.000196695,0.000681892,0,1.20E-05,0,0.000117245,0,0.045400942,0,0,0.953591255
40,A,2.97E-07,0,0.002490918,0.000108509,0,0.001605949,0,0,0.042918508,0,0.952875819
41,C,5.56E-12,0.001772622,0,0.000765376,0,0.002521245,0,0.035432145,0,0,0.959508611
42,T,3.49E-32,3.86E-05,0.00013945,1.10E-06,0.031076886,0,0,0,0,0,0.968743954
43,A,0.000404474,0,0.000625592,0.00108411,0,0.001046324,0,0,0.033268146,0,0.963571355
44,T,6.46E-06,0.000982561,4.58E-07,0.000193095,0.040943366,0,0,0,0,0,0.957874059
45,G,2.25E-09,0.000269106,0.002319792,0,0,0.001033681,0.039175956,0,0,0,0.957201463
46,G,7.85E-05,0.000449089,0.000293466,0,0,0.000451211,0.044610393,0,0,0,0.95411732
47,G,1.66E-14,0.000218558,0.000247405,0,0,0.001156237,0.036749573,0,0,0,0.961628228
48,C,2.18E-06,0.000308692,0,7.27E-05,0,0.000795791,0,0.03796002,0,0,0.96086058
49,G,1.59E-07,0.000232499,0.001389485,0,0,0.00045729,0.061457772,0,0,0,0.936462794
50,C,1.43E-09,0.001886274,0,0.001547992,0,0.000317302,0,0.04555536,0,0,0.95069307
51,A,0.000301894,0,0.00048097,0.000461898,0,0.001075574,0,0,0.035847193,0,0.961832471
52,G,0.000154071,0.000883171,0.001262354,0,0,0.001887886,0.034478318,0,0,0,0.9613342
53,C,0.00010382,0.000876485,0,0.002716442,0,6.14E-05,0,0.046396195,0,0,0.949845639
54,G,1.05E-07,0.001624088,0.000955336,0,0,0.000212711,0.040505809,0,0,0,0.956701951
55,T,3.83E-08,0.000223842,0.000477253,2.81E-05,0.041189184,0,0,0,0,0,0.958081541
56,C,9.17E-05,0.000214325,0,0.001088446,0,0.001648055,0,0.03933614,0,0,0.957621333
57,A,8.14E-05,0,0.000502442,3.08E-05,0,0.000129977,0,0,0.045339628,0,0.953915761
58,A,7.45E-10,0,0.000196705,0.00128402,0,0.00458081,0,0,0.026642562,0,0.967295902
59,T,2.82E-08,4.94E-06,9.69E-07,0.000223872,0.036603329,0,0,0,0,0,0.963166865
60,G,0.000275375,0.001480579,0.000162509,0,0,0.000943393,0.025925019,0,0,0,0.971213125
61,A,0.000215625,0,0.000672739,0.000485463,0,0.003420497,0,0,0.040096315,0,0.955109361
62,C,2.49E-10,0.000438024,0,0.000549121,0,0.00059887,0,0.042149249,0,0,0.956264735
63,G,2.20E-06,0.000944729,0.002226242,0,0,0.000998555,0.038327937,0,0,0,0.957500337
64,C,2.28E-13,0.000149661,0,0.000766422,0,0.000220203,0,0.041820125,0,0,0.95704359
65,T,1.40E-10,0.000102463,0.002846624,0.000268666,0.046545897,0,0,0,0,0,0.95023635
66,G,8.32E-23,0.001395178,0.000355477,0,0,0.000865728,0.040203985,0,0,0,0.957179632
67,A,1.98E-11,0,0.002341555,1.10E-05,0,0.00064999,0,0,0.037029358,0,0.959968136
68,C,6.45E-05,0.000100604,0,0.001113303,0,0.000566456,0,0.045731411,0,0,0.952423741
69,G,4.10E-20,0.00045002,0.000842263,0,0,0.0016017,0.051582167,0,0,0,0.94552385
70,G,6.52E-16,4.02E-05,4.54E-05,0,0,0.00087791,0.036138159,0,0,0,0.962898372
71,T,8.04E-12,1.29E-05,1.84E-05,0.001112942,0.044437711,0,0,0,0,0,0.95441803
72,A,8.41E-10,0,0.000669704,0.002219758,0,0.000820197,0,0,0.03596103,0,0.96032931
73,C,8.02E-05,7.81E-05,0,0.001869589,0,2.88E-05,0,0.036323402,0,0,0.96161988
74,A,1.95E-06,0,0.000669491,0.000173619,0,0.000398749,0,0,0.046003422,0,0.952752772
75,G,1.28E-11,0.000393472,0.000792598,0,0,0.000967718,0.033155135,0,0,0,0.964691076
76,G,4.93E-05,0.00229755,0.000295691,0,0,0.000207099,0.028427107,0,0,0,0.968723271
77,C,2.62E-06,0.000934815,0,0.000889686,0,0.001552242,0,0.047658435,0,0,0.948962204
78,C,8.37E-07,0.000967568,0,0.001931368,0,0.001307971,0,0.035190367,0,0,0.960601889
79,A,8.36E-10,0,7.35E-05,0.001313991,0,0.00141249,0,0,0.035737303,0,0.961462722
80,G,2.97E-11,0.000140856,0.000692317,0,0,0.001099305,0.043318352,0,0,0,0.954749169
81,A,2.08E-11,0,0.000593901,5.42E-05,0,0.000640004,0,0,0.036420626,0,0.962291252
82,C,1.19E-05,9.49E-06,0,0.00060402,0,0.000487829,0,0.037954733,0,0,0.960932018
83,A,6.91E-06,0,0.000550699,0.00015589,0,0.001817162,0,0,0.041404876,0,0.956064467
84,A,7.25E-06,0,0.002277593,0.001258018,0,0.000534116,0,0,0.034389449,0,0.961533573
85,T,1.63E-06,2.36E-05,4.52E-05,0.000406257,0.035728941,0,0,0,0,0,0.963794392
86,T,2.00E-19,1.68E-05,0.00147697,9.27E-06,0.044591951,0,0,0,0,0,0.953905052
87,A,4.31E-06,0,0.002624078,0.000951089,0,3.55E-05,0,0,0.037181535,0,0.959203525
88,T,1.15E-15,6.56E-05,0.002720512,0.000121925,0.030503894,0,0,0,0,0,0.966588066
89,T,1.76E-16,7.97E-08,0.000124242,0.000128891,0.036375998,0,0,0,0,0,0.96337079
90,G,2.00E-05,0.002678041,0.001531159,0,0,9.62E-05,0.035446272,0,0,0,0.960228369
91,T,7.72E-10,0.000181237,2.00E-05,4.07E-05,0.048757919,0,0,0,0,0,0.951000181
92,C,0.000266919,0.000109081,0,0.000476388,0,5.68E-05,0,0.035747335,0,0,0.963343492
93,T,1.72E-21,0.000314256,1.25E-05,5.92E-05,0.032794751,0,0,0,0,0,0.966819332
94,G,2.22E-07,0.00090806,3.36E-05,0,0,0.000318547,0.037900168,0,0,0,0.960839365
95,A,5.52E-07,0,0.00054561,2.43E-05,0,0.0006604,0,0,0.0468819,0,0.95188722
96,T,1.91E-05,0.000251827,0.000182599,4.59E-06,0.043806654,0,0,0,0,0,0.9557352
97,A,8.39E-09,0,0.001704642,9.66E-05,0,0.002745627,0,0,0.03291887,0,0.962534261
98,T,4.39E-24,7.13E-05,2.57E-05,0.000251774,0.035152162,0,0,0,0,0,0.964498991
99,A,3.32E-05,0,0.000367532,0.000367114,0,0.001739143,0,0,0.037984939,0,0.959508041
100,G,0.000803376,0.000348572,3.05E-05,0,0,0.002616014,0.042069054,0,0,0,0.954132501
101,T,9.63E-08,7.14E-05,5.24E-06,3.81E-05,0.050706661,0,0,0,0,0,0.949178582
102,G,6.38E-07,0.000462036,4.25E-05,0,0,0.00166329,0.035966911,0,0,0,0.961864643
103,C,1.63E-05,0.001178497,0,0.000208755,0,0.000140453,0,0.036871042,0,0,0.961584943
104,A,3.91E-13,0,0.002591953,9.09E-05,0,8.12E-05,0,0,0.044665988,0,0.952569959
105,G,1.14E-06,0.000139834,0.000174236,0,0,0.000325949,0.051744448,0,0,0,0.947614391
106,C,4.23E-05,0.001730174,0,0.001605635,0,0.000520851,0,0.04148399,0,0,0.954617022
107,A,3.18E-05,0,0.00121146,0.000403719,0,0.005081941,0,0,0.033790727,0,0.959480349
108,G,2.96E-10,0.001217717,0.000320889,0,0,0.000553635,0.045637548,0,0,0,0.952270211
109,C,5.86E-08,0.000635802,0,6.52E-05,0,0.000371061,0,0.036338588,0,0,0.962589321
110,A,6.73E-06,0,0.000785668,0.003999974,0,0.001041786,0,0,0.036906739,0,0.957259102
111,G,8.15E-15,0.000643565,0.002265059,0,0,0.000685762,0.043058932,0,0,0,0.953346682
112,A,7.44E-22,0,9.32E-05,0.001487178,0,0.00207875,0,0,0.050419766,0,0.945921109
113,A,1.49E-05,0,0.000652944,0.0006524,0,0.001711642,0,0,0.043657563,0,0.953310528
114,C,7.48E-06,4.16E-05,0,0.002726835,0,8.03E-05,0,0.041106893,0,0,0.956036879
115,A,9.57E-07,0,0.00020736,0.000155727,0,0.001757627,0,0,0.053551627,0,0.944326702
116,A,3.51E-11,0,0.000154483,0.001272597,0,0.003717511,0,0,0.045557943,0,0.949297466
117,T,9.21E-14,0.00041547,0.000599828,2.16E-06,0.030920999,0,0,0,0,0,0.96806154
118,T,5.24E-31,0.000271105,0.00124724,0.001033476,0.041337931,0,0,0,0,0,0.956110248
119,T,7.45E-06,0.000321275,3.16E-06,1.39E-05,0.040539641,0,0,0,0,0,0.959114534
120,G,1.99E-10,4.35E-05,0.000169397,0,0,0.000107342,0.044480073,0,0,0,0.955199694
121,C,3.96E-10,0.000173183,0,0.002393223,0,6.31E-05,0,0.047016886,0,0,0.950353582
122,T,1.52E-32,0.000271492,1.28E-07,0.000103433,0.038796166,0,0,0,0,0,0.960828781
123,G,8.99E-13,0.00247238,0.001631024,0,0,0.003890228,0.036699294,0,0,0,0.955307074
124,A,9.71E-07,0,0.000443288,3.39E-06,0,0.001706647,0,0,0.033565111,0,0.964280593
125,G,2.61E-17,0.000514232,0.000252479,0,0,0.000589362,0.047724965,0,0,0,0.950918961
126,G,1.22E-09,0.000506817,0.000983301,0,0,4.81E-05,0.033328697,0,0,0,0.965133126
127,G,2.16E-05,0.00010371,0.000281219,0,0,0.001933277,0.038512734,0,0,0,0.959147423
128,C,7.66E-05,0.000245763,0,0.000586503,0,9.42E-07,0,0.041902369,0,0,0.957187853
129,T,1.08E-06,2.66E-05,1.29E-05,6.45E-05,0.028998603,0,0,0,0,0,0.970896302
130,A,4.14E-16,0,0.001325953,1.11E-05,0,0.000963655,0,0,0.039250255,0,0.958449008
131,T,4.26E-07,5.69E-06,0.001583506,2.06E-05,0.048029157,0,0,0,0,0,0.95036062
132,T,6.54E-15,0.000154039,0.000885143,1.78E-06,0.036877267,0,0,0,0,0,0.962081768
133,G,4.26E-07,0.000203176,0.000841481,0,0,0.001075449,0.04128339,0,0,0,0.956596078
134,A,5.25E-05,0,0.001693008,0.00211792,0,0.002998614,0,0,0.036590337,0,0.956547571
135,G,2.33E-05,0.001147641,0.000691957,0,0,0.00032752,0.044980349,0,0,0,0.95282923
136,G,0.000127922,0.003022833,0.000286537,0,0,0.00187058,0.037463253,0,0,0,0.957228874
137,C,1.56E-06,0.000106489,0,0.000363344,0,0.00087111,0,0.041521339,0,0,0.957136163
138,G,0.000549154,1.25E-05,0.002649241,0,0,5.72E-05,0.040130545,0,0,0,0.956601372
139,C,0.000929595,0.000535237,0,0.000181232,0,0.000428608,0,0.03724507,0,0,0.960680259
140,A,0.000169276,0,0.000293102,0.000986795,0,0.003501985,0,0,0.05700349,0,0.938045351
141,A,3.41E-05,0,0.004780889,5.94E-06,0,0.002138379,0,0,0.032059857,0,0.960980865
142,C,4.25E-07,0.000286466,0,0.000133033,0,0.000465875,0,0.045015206,0,0,0.954098995
143,A,4.84E-10,0,0.00028793,0.001150742,0,0.000349348,0,0,0.032341762,0,0.965870218
144,G,0.000426696,0.000160612,0.003714292,0,0,0.000676619,0.038084223,0,0,0,0.956937558
145,C,0.000356948,0.002147092,0,0.000722914,0,0.000465554,0,0.039412981,0,0,0.95689451
146,A,3.46E-15,0,0.001296235,2.74E-08,0,0.000828057,0,0,0.037589054,0,0.960286626
147,T,3.47E-22,0.001278018,8.61E-05,0.000140954,0.046364622,0,0,0,0,0,0.952130303
148,C,2.05E-05,0.000265932,0,0.002025806,0,0.001993073,0,0.051594955,0,0,0.944099741
149,T,8.27E-14,3.94E-05,2.28E-05,0.001691422,0.049605314,0,0,0,0,0,0.94864111
150,G,0.000139268,0.00015839,0.000385596,0,0,0.000225891,0.038243176,0,0,0,0.960847679
151,T,3.72E-22,1.98E-05,1.73E-07,6.34E-07,0.040809153,0,0,0,0,0,0.959170274
152,T,6.49E-16,0.000455651,9.26E-05,5.20E-06,0.03571118,0,0,0,0,0,0.963735327
153,G,4.95E-05,0.001333035,0.000451011,0,0,0.000786648,0.039936666,0,0,0,0.957443118
154,C,5.67E-05,0.000204843,0,0.000258182,0,0.000660675,0,0.037374349,0,0,0.961445269
155,A,2.47E-08,0,0.000130343,1.69E-05,0,6.19E-05,0,0,0.037382738,0,0.962408146
156,A,5.25E-13,0,0.000938139,1.22E-05,0,0.00010564,0,0,0.04177514,0,0.957168846
157,C,8.79E-11,0.001838463,0,0.000454418,0,0.000179455,0,0.042117102,0,0,0.955410562
158,T,2.16E-10,1.39E-06,1.45E-05,0.000515069,0.053090704,0,0,0,0,0,0.946378301
159,C,3.22E-09,0.001058693,0,6.06E-05,0,0.003271667,0,0.047716296,0,0,0.947892769
160,A,2.99E-11,0,0.002628649,0.000178685,0,0.001576143,0,0,0.039299337,0,0.956317186
161,C,1.28E-06,0.000286192,0,0.000781959,0,5.10E-05,0,0.033960037,0,0,0.964919481
162,A,0.001241371,0,0.000751985,0.000598742,0,0.0002213,0,0,0.033018429,0,0.964168173
163,G,2.78E-08,0.000649151,0.000286168,0,0,0.001619089,0.045589843,0,0,0,0.951855722
164,T,0.000420146,1.92E-05,2.79E-06,0.000148422,0.056544587,0,0,0,0,0,0.942864865
165,C,1.93E-08,9.14E-05,0,0.001131242,0,0.000255619,0,0.035380043,0,0,0.963141648
166,T,2.14E-08,0.00010935,1.37E-06,0.000760765,0.040131029,0,0,0,0,0,0.95899747
167,G,9.03E-09,0.001543815,0.000645978,0,0,0.000193832,0.039549269,0,0,0,0.958067098
168,G,1.48E-18,0.001437874,0.000341836,0,0,0.000502424,0.035963323,0,0,0,0.961754544
169,G,5.45E-07,0.003901816,0.000735054,0,0,0.002722438,0.034962463,0,0,0,0.957677684
170,G,7.20E-05,0.001011565,0.000499941,0,0,0.000131879,0.044938549,0,0,0,0.953346084
171,C,1.21E-08,0.000954671,0,0.000409985,0,0.000518358,0,0.043964297,0,0,0.954152676
172,A,0.005103445,0,0.000356449,0.000236777,0,0.000297014,0,0,0.037940941,0,0.956065373
173,T,3.56E-19,0.000744875,0.000264457,4.57E-06,0.038463769,0,0,0,0,0,0.96052233
174,C,2.84E-15,8.98E-06,0,0.001005257,0,5.15E-05,0,0.033094374,0,0,0.965839858
175,A,5.12E-14,0,0.000864146,5.85E-05,0,0.000662411,0,0,0.054284579,0,0.944130354
176,A,0.022226515,0,0.005312861,0.448845145,0,0.003847244,0,0,0.034550473,0,0.485217762
177,A,2.53E-06,0,0.00065411,3.82E-05,0,3.28E-05,0,0,0.050239513,0,0.949032765
178,C,1.16E-16,0.001045138,0,0.000140326,0,5.83E-05,0,0.033102621,0,0,0.965653598
179,A,4.94E-05,0,3.54E-06,1.35E-05,0,0.001769762,0,0,0.043464677,0,0.954699133
180,G,1.24E-06,0.001149278,0.000306965,0,0,0.000385698,0.042417783,0,0,0,0.955739035
181,C,2.76E-14,0.0028796,0,0.002883867,0,0.002363475,0,0.036354412,0,0,0.955518646
182,T,1.43E-09,0.000107042,0.000105372,2.60E-06,0.029646671,0,0,0,0,0,0.970138311
183,C,4.37E-06,0.00175174,0,0.002649416,0,4.40E-05,0,0.030279713,0,0,0.965270775
184,C,3.64E-13,0.001087925,0,0.00069008,0,0.00067539,0,0.030232011,0,0,0.967314594
185,A,1.36E-06,0,0.001255338,0.001799394,0,0.001423616,0,0,0.04677267,0,0.948747623
186,G,0.000209474,0.000657391,0.0011636,0,0,0.002038952,0.047898057,0,0,0,0.948032526
187,G,7.30E-07,3.02E-05,0.00202772,0,0,0.000529602,0.047285045,0,0,0,0.950126682
188,C,3.17E-08,0.000738701,0,6.93E-05,0,0.001474135,0,0.038485163,0,0,0.959232671
189,A,3.42E-08,0,0.000127844,5.02E-05,0,0.002916721,0,0,0.045480212,0,0.951425029
190,A,6.04E-09,0,0.000731729,2.04E-05,0,0.000355457,0,0,0.036687006,0,0.962205407
191,G,5.75E-10,1.04E-05,6.40E-05,0,0,4.68E-05,0.036184633,0,0,0,0.963694131
192,A,1.44E-12,0,7.89E-05,6.65E-09,0,4.92E-05,0,0,0.052678607,0,0.947193337
193,A,6.20E-17,0,0.000369987,0.000950777,0,0.000663825,0,0,0.040660214,0,0.957355197
194,T,3.02E-11,1.84E-10,0.000596592,0.000242858,0.040557063,0,0,0,0,0,0.958603487
195,C,2.27E-06,9.23E-05,0,1.92E-05,0,0.000143847,0,0.043437169,0,0,0.956305194
196,C,2.22E-10,0.002452137,0,0.00075583,0,0.000224573,0,0.031845547,0,0,0.964721912
197,T,1.25E-12,0.000128522,7.73E-05,0.000972049,0.035426,0,0,0,0,0,0.96339617
198,G,0.000135049,0.000252112,0.001601673,0,0,0.000417765,0.033476038,0,0,0,0.964117362
199,G,0.000301548,0.001447586,0.00029845,0,0,0.001736706,0.028743324,0,0,0,0.967472384
200,C,0.000270639,0.00304446,0,0.001683259,0,0.000167842,0,0.043583395,0,0,0.951250407
201,T,4.34E-08,8.39E-07,4.53E-06,0.000583291,0.043125828,0,0,0,0,0,0.956285472
202,G,6.10E-07,0.000673545,0.002134205,0,0,5.55E-05,0.041235121,0,0,0,0.955900974
203,T,4.00E-28,3.14E-05,1.78E-05,4.24E-06,0.036160899,0,0,0,0,0,0.963785612
204,G,7.23E-05,1.72E-05,0.000539689,0,0,0.000525163,0.048868447,0,0,0,0.949977207
205,G,6.92E-07,0.001064674,0.001449786,0,0,0.001754611,0.032544822,0,0,0,0.963185415
206,A,4.26E-17,0,0.00130211,3.19E-05,0,0.000358815,0,0,0.035492215,0,0.962814976
207,A,0.000534356,0,0.000747806,0.000539442,0,0.000487305,0,0,0.039351561,0,0.958339529
208,A,2.17E-05,0,0.002632588,0.000462048,0,0.002455991,0,0,0.043597554,0,0.950830096
209,G,0.000147784,6.97E-05,0.000851391,0,0,0.002745623,0.048084543,0,0,0,0.948100911
210,A,0.000423946,0,0.00073749,0.000147272,0,0.002314382,0,0,0.039963616,0,0.956413293
211,T,1.31E-14,0.000356522,9.31E-05,0.000604779,0.052148888,0,0,0,0,0,0.946796715
212,A,8.04E-07,0,0.00444626,0.000287245,0,0.004287789,0,0,0.028069429,0,0.962908473
213,C,1.08E-06,0.001588881,0,0.000409787,0,0.00100233,0,0.041421295,0,0,0.955576627
214,C,6.40E-05,0.002392171,0,0.00184975,0,0.000519842,0,0.04827565,0,0,0.946898634
215,T,7.65E-20,8.67E-05,3.88E-06,3.83E-05,0.042488981,0,0,0,0,0,0.957382197
216,A,3.15E-06,0,0.001469669,1.24E-06,0,0.001106978,0,0,0.031967434,0,0.965451524
217,A,2.32E-06,0,0.000168745,1.48E-05,0,0.001226822,0,0,0.033988662,0,0.964598665
218,A,1.30E-07,0,0.002558073,0.002766405,0,0.002211878,0,0,0.042103342,0,0.950360172
219,G,6.91E-05,0.000271823,0.000765707,0,0,5.11E-05,0.037166212,0,0,0,0.9616761
220,G,6.10E-05,0.000658197,0.001756623,0,0,0.00326271,0.033113027,0,0,0,0.961148413
221,A,4.70E-05,0,0.000334972,0.000112193,0,0.004266484,0,0,0.04381996,0,0.951419395
222,T,6.10E-14,2.41E-05,0.000640059,2.05E-08,0.041866813,0,0,0,0,0,0.957469048
223,C,4.80E-05,0.002780828,0,0.000155336,0,0.000103161,0,0.030696699,0,0,0.966215968
224,A,1.94E-07,0,7.74E-05,0.004141895,0,0.00223108,0,0,0.038343662,0,0.955205739
225,A,0.000233768,0,0.003407706,0.000573332,0,0.000462383,0,0,0.039838895,0,0.955483917
226,C,2.38E-07,0.000979102,0,0.001069671,0,0.000116364,0,0.037436927,0,0,0.960397698
227,A,0.001631929,0,0.000454051,0.000673417,0,0.001063046,0,0,0.040560416,0,0.955617141
228,G,6.64E-05,0.00119247,0.002363264,0,0,6.31E-05,0.033699661,0,0,0,0.962615099
229,C,0.000236093,0.001552515,0,4.89E-05,0,0.001210254,0,0.03931019,0,0,0.957642002
230,T,1.17E-29,5.83E-05,0.000210089,6.67E-05,0.039821587,0,0,0,0,0,0.959843296
231,C,2.28E-07,0.00058029,0,0.00017353,0,0.000123131,0,0.051643988,0,0,0.947478834
232,C,1.30E-12,0.001659859,0,0.002195772,0,8.95E-06,0,0.032353725,0,0,0.963781689