5' End,3' End,Proportion
1,10,1e-06
1,11,1e-06
1,17,2e-06
1,18,1e-06
1,20,2e-06
1,21,1e-06
1,22,4e-06
1,23,2e-06
1,25,1e-06
1,27,1e-06
1,28,1e-06
1,29,1e-06
1,30,3e-06
1,31,3e-06
1,32,4e-06
1,33,2e-06
1,34,3e-06
1,35,2e-06
1,36,9e-06
1,37,3e-06
1,38,5e-06
1,39,6e-06
1,40,9e-06
1,41,5e-06
1,42,5e-06
1,43,5e-06
1,44,5e-06
1,45,5e-06
1,46,6e-06
1,47,1.5e-05
1,48,6e-06
1,49,1e-05
1,50,1e-05
1,51,5e-06
1,52,8e-06
1,53,1e-05
1,54,1.1e-05
1,55,9e-06
1,56,8e-06
1,57,8e-06
1,58,1e-05
1,59,1.8e-05
1,60,1.4e-05
1,61,7e-06
1,62,6e-06
1,63,1.2e-05
1,64,1.1e-05
1,65,1.2e-05
1,66,1.3e-05
1,67,1.3e-05
1,68,1.5e-05
1,69,1.8e-05
1,70,2e-05
1,71,2.1e-05
1,72,2e-05
1,73,1.8e-05
1,74,1.7e-05
1,75,1.9e-05
1,76,1.4e-05
1,77,1.9e-05
1,78,2e-05
1,79,1.6e-05
1,80,2.1e-05
1,81,1.8e-05
1,82,1.6e-05
1,83,2.9e-05
1,84,2.1e-05
1,85,2.8e-05
1,86,2.5e-05
1,87,3.9e-05
1,88,3.6e-05
1,89,2e-05
1,90,2.5e-05
1,91,3.8e-05
1,92,3.2e-05
1,93,3.8e-05
1,94,3.2e-05
1,95,3.6e-05
1,96,3.4e-05
1,97,3.7e-05
1,98,4.2e-05
1,99,4.5e-05
1,100,3.1e-05
1,101,4e-05
1,102,4.1e-05
1,103,4.6e-05
1,104,3.9e-05
1,105,4.4e-05
1,106,5.1e-05
1,107,4.8e-05
1,108,4.3e-05
1,109,5.3e-05
1,110,4.3e-05
1,111,6.8e-05
1,112,5.1e-05
1,113,3.2e-05
1,114,4.4e-05
1,115,7e-05
1,116,6.6e-05
1,117,5.5e-05
1,118,7.7e-05
1,119,6.4e-05
1,120,4.5e-05
1,121,7.3e-05
1,122,6.6e-05
1,123,6.8e-05
1,124,5.9e-05
1,125,6.7e-05
1,126,9.2e-05
1,127,6.7e-05
1,128,8.1e-05
1,129,8.7e-05
1,130,7.8e-05
1,131,9.8e-05
1,132,7.5e-05
1,133,8.3e-05
1,134,9.9e-05
1,135,8.3e-05
1,136,9.7e-05
1,137,9.1e-05
1,138,0.000104
1,139,0.000111
1,140,0.0001
1,141,0.000105
1,142,9.6e-05
1,143,9.2e-05
1,144,0.000118
1,145,0.000133
1,146,0.000105
1,147,0.000134
1,148,0.000138
1,149,0.00013
1,150,0.000164
1,151,0.000134
1,152,0.000131
1,153,0.000125
1,154,0.000132
1,155,0.000169
1,156,0.000137
1,157,0.000157
1,158,0.000149
1,159,0.000163
1,160,0.000186
1,161,0.000164
1,162,0.000182
1,163,0.000162
1,164,0.000186
1,165,0.00019
1,166,0.000219
1,167,0.000216
1,168,0.000198
1,169,0.000229
1,170,0.000248
1,171,0.000254
1,172,0.000229
1,173,0.000215
1,174,0.000265
1,175,0.000282
1,176,0.000262
1,177,0.000262
1,178,0.000306
1,179,0.000255
1,180,0.000318
1,181,0.000323
1,182,0.000302
1,183,0.000352
1,184,0.000326
1,185,0.000353
1,186,0.000391
1,187,0.000337
1,188,0.000384
1,189,0.000389
1,190,0.000432
1,191,0.000439
1,192,0.000445
1,193,0.000477
1,194,0.000462
1,195,0.000487
1,196,0.00051
1,197,0.000544
1,198,0.000547
1,199,0.000545
1,200,0.000572
1,201,0.000555
1,202,0.000629
1,203,0.000637
1,204,0.000735
1,205,0.000761
1,206,0.000738
1,207,0.000788
1,208,0.000875
1,209,0.000887
1,210,0.000923
1,211,0.001047
1,212,0.001019
1,213,0.001107
1,214,0.001157
1,215,0.001278
1,216,0.001397
1,217,0.001506
1,218,0.001588
1,219,0.001643
1,220,0.001844
1,221,0.002049
1,222,0.002205
1,223,0.002496
1,224,0.002879
1,225,0.003262
1,226,0.003773
1,227,0.004621
1,228,0.005729
1,229,0.007818
1,230,0.012166
1,231,0.030545
1,232,0.742738
2,33,2e-06
2,55,1e-06
2,56,1e-06
2,57,1e-06
2,58,1e-06
2,59,1e-06
2,64,1e-06
2,65,1e-06
2,69,1e-06
2,72,1e-06
2,73,2e-06
2,74,1e-06
2,75,1e-06
2,76,1e-06
2,78,1e-06
2,81,1e-06
2,83,2e-06
2,84,1e-06
2,85,1e-06
2,86,1e-06
2,87,1e-06
2,89,1e-06
2,90,2e-06
2,91,2e-06
2,92,2e-06
2,93,2e-06
2,94,2e-06
2,96,2e-06
2,97,1e-06
2,98,4e-06
2,100,3e-06
2,101,2e-06
2,102,1e-06
2,103,1e-06
2,104,2e-06
2,106,1e-06
2,107,3e-06
2,108,2e-06
2,109,1e-06
2,110,3e-06
2,111,5e-06
2,112,1e-06
2,113,4e-06
2,114,2e-06
2,115,3e-06
2,116,3e-06
2,117,4e-06
2,118,1e-06
2,119,1e-06
2,120,1e-06
2,121,3e-06
2,122,2e-06
2,123,6e-06
2,124,1e-06
2,125,3e-06
2,126,4e-06
2,127,6e-06
2,128,3e-06
2,129,5e-06
2,130,5e-06
2,131,2e-06
2,132,4e-06
2,133,4e-06
2,134,3e-06
2,135,2e-06
2,136,4e-06
2,137,5e-06
2,138,7e-06
2,139,4e-06
2,140,3e-06
2,141,7e-06
2,142,3e-06
2,143,6e-06
2,144,8e-06
2,145,7e-06
2,146,4e-06
2,147,4e-06
2,148,3e-06
2,149,4e-06
2,150,3e-06
2,151,5e-06
2,152,4e-06
2,153,4e-06
2,154,8e-06
2,155,1.3e-05
2,156,6e-06
2,157,7e-06
2,158,9e-06
2,159,7e-06
2,160,7e-06
2,161,8e-06
2,162,1e-05
2,163,1e-05
2,164,1.4e-05
2,165,7e-06
2,166,1.1e-05
2,167,6e-06
2,168,1.4e-05
2,169,7e-06
2,170,9e-06
2,171,6e-06
2,172,1e-05
2,173,6e-06
2,174,9e-06
2,175,7e-06
2,176,1e-05
2,177,1.3e-05
2,178,1.4e-05
2,179,7e-06
2,180,1.4e-05
2,181,1.6e-05
2,182,1.3e-05
2,183,1.6e-05
2,184,1.7e-05
2,185,1.4e-05
2,186,1.7e-05
2,187,2.1e-05
2,188,1.3e-05
2,189,1.5e-05
2,190,2e-05
2,191,1.3e-05
2,192,2.6e-05
2,193,2e-05
2,194,2.4e-05
2,195,2.2e-05
2,196,1.7e-05
2,197,2.7e-05
2,198,2.6e-05
2,199,2.3e-05
2,200,4e-05
2,201,2.8e-05
2,202,2.6e-05
2,203,3.8e-05
2,204,2.9e-05
2,205,2.8e-05
2,206,3.8e-05
2,207,2.3e-05
2,208,3.5e-05
2,209,4e-05
2,210,3.7e-05
2,211,4.1e-05
2,212,4.1e-05
2,213,5.3e-05
2,214,6.3e-05
2,215,6.1e-05
2,216,5.4e-05
2,217,4.7e-05
2,218,7.7e-05
2,219,6.6e-05
2,220,7.7e-05
2,221,8.7e-05
2,222,9.3e-05
2,223,0.000111
2,224,0.000133
2,225,0.000137
2,226,0.000164
2,227,0.000185
2,228,0.00023
2,229,0.000304
2,230,0.000447
2,231,0.001318
2,232,0.030845
3,17,1e-06
3,42,1e-06
3,45,1e-06
3,55,2e-06
3,59,1e-06
3,61,1e-06
3,66,1e-06
3,72,1e-06
3,75,1e-06
3,76,1e-06
3,78,1e-06
3,85,1e-06
3,88,1e-06
3,92,2e-06
3,94,1e-06
3,95,2e-06
3,96,1e-06
3,97,1e-06
3,98,2e-06
3,100,3e-06
3,101,1e-06
3,103,2e-06
3,105,1e-06
3,106,1e-06
3,108,1e-06
3,110,1e-06
3,111,1e-06
3,112,3e-06
3,113,1e-06
3,114,1e-06
3,115,1e-06
3,119,3e-06
3,120,1e-06
3,122,1e-06
3,123,2e-06
3,124,1e-06
3,126,1e-06
3,128,1e-06
3,129,2e-06
3,130,5e-06
3,131,2e-06
3,133,2e-06
3,134,3e-06
3,136,1e-06
3,137,2e-06
3,139,2e-06
3,140,2e-06
3,141,1e-06
3,142,1e-06
3,143,1e-06
3,144,2e-06
3,145,1e-06
3,146,1e-06
3,147,2e-06
3,148,1e-06
3,149,1e-06
3,150,1e-06
3,151,4e-06
3,152,4e-06
3,153,4e-06
3,154,1e-06
3,155,2e-06
3,156,5e-06
3,157,2e-06
3,158,2e-06
3,159,4e-06
3,160,2e-06
3,161,2e-06
3,162,5e-06
3,163,1e-06
3,164,2e-06
3,165,3e-06
3,166,3e-06
3,167,5e-06
3,168,6e-06
3,169,4e-06
3,170,2e-06
3,171,5e-06
3,172,2e-06
3,173,3e-06
3,174,6e-06
3,175,4e-06
3,176,1e-05
3,177,9e-06
3,178,2e-06
3,179,5e-06
3,180,4e-06
3,181,6e-06
3,182,8e-06
3,183,6e-06
3,184,4e-06
3,185,4e-06
3,186,6e-06
3,187,5e-06
3,188,3e-06
3,189,6e-06
3,191,1.1e-05
3,192,9e-06
3,193,6e-06
3,194,1.1e-05
3,195,1.1e-05
3,196,1.3e-05
3,197,7e-06
3,198,7e-06
3,199,1e-05
3,200,1.1e-05
3,201,1.1e-05
3,202,8e-06
3,203,1.1e-05
3,204,1.8e-05
3,205,1e-05
3,206,1.4e-05
3,207,1.4e-05
3,208,1e-05
3,209,8e-06
3,210,1.8e-05
3,211,1.3e-05
3,212,1.2e-05
3,213,1.3e-05
3,214,2.1e-05
3,215,2e-05
3,216,1.7e-05
3,217,2.2e-05
3,218,2.1e-05
3,219,2.8e-05
3,220,3.8e-05
3,221,3.4e-05
3,222,2.6e-05
3,223,4.2e-05
3,224,5.4e-05
3,225,4.6e-05
3,226,6.7e-05
3,227,8.7e-05
3,228,8.6e-05
3,229,0.000121
3,230,0.000201
3,231,0.000482
3,232,0.011993
4,52,1e-06
4,63,1e-06
4,68,1e-06
4,76,1e-06
4,78,1e-06
4,84,1e-06
4,100,1e-06
4,102,2e-06
4,104,1e-06
4,106,2e-06
4,108,1e-06
4,114,1e-06
4,116,2e-06
4,117,1e-06
4,118,2e-06
4,120,1e-06
4,121,2e-06
4,122,1e-06
4,123,1e-06
4,124,1e-06
4,125,1e-06
4,127,1e-06
4,128,1e-06
4,130,1e-06
4,132,1e-06
4,135,1e-06
4,137,2e-06
4,138,1e-06
4,139,1e-06
4,140,1e-06
4,141,3e-06
4,142,1e-06
4,144,4e-06
4,145,4e-06
4,146,2e-06
4,147,2e-06
4,148,3e-06
4,149,1e-06
4,150,1e-06
4,151,2e-06
4,153,2e-06
4,154,2e-06
4,155,1e-06
4,156,2e-06
4,157,1e-06
4,158,2e-06
4,159,2e-06
4,160,1e-06
4,162,2e-06
4,163,3e-06
4,164,1e-06
4,165,1e-06
4,166,3e-06
4,167,1e-06
4,168,4e-06
4,169,3e-06
4,170,4e-06
4,171,1e-06
4,172,1e-06
4,173,1e-06
4,174,5e-06
4,175,3e-06
4,176,4e-06
4,177,3e-06
4,178,2e-06
4,179,7e-06
4,180,2e-06
4,181,5e-06
4,183,3e-06
4,184,1e-06
4,185,4e-06
4,186,6e-06
4,187,4e-06
4,188,5e-06
4,189,3e-06
4,190,5e-06
4,191,4e-06
4,192,2e-06
4,193,6e-06
4,194,5e-06
4,195,4e-06
4,196,6e-06
4,197,5e-06
4,198,9e-06
4,199,3e-06
4,200,5e-06
4,201,1.1e-05
4,202,7e-06
4,203,7e-06
4,204,6e-06
4,205,6e-06
4,206,1e-05
4,207,1.1e-05
4,208,6e-06
4,209,7e-06
4,210,1.1e-05
4,211,1.2e-05
4,212,1.2e-05
4,213,1.1e-05
4,214,1.1e-05
4,215,1.2e-05
4,216,9e-06
4,217,1.7e-05
4,218,2e-05
4,219,2.2e-05
4,220,1.9e-05
4,221,1.9e-05
4,222,1.8e-05
4,223,2.4e-05
4,224,2.8e-05
4,225,3e-05
4,226,4.6e-05
4,227,4.7e-05
4,228,6.1e-05
4,229,7.6e-05
4,230,0.000149
4,231,0.000318
4,232,0.007746
5,55,1e-06
5,82,1e-06
5,83,1e-06
5,86,1e-06
5,87,1e-06
5,88,1e-06
5,91,3e-06
5,95,1e-06
5,103,2e-06
5,108,2e-06
5,111,2e-06
5,114,3e-06
5,116,1e-06
5,117,1e-06
5,118,3e-06
5,120,1e-06
5,122,2e-06
5,128,1e-06
5,132,2e-06
5,133,1e-06
5,134,2e-06
5,137,2e-06
5,138,1e-06
5,140,1e-06
5,142,1e-06
5,143,1e-06
5,144,1e-06
5,147,1e-06
5,148,1e-06
5,149,1e-06
5,150,1e-06
5,151,2e-06
5,152,1e-06
5,153,1e-06
5,154,3e-06
5,155,1e-06
5,156,2e-06
5,157,1e-06
5,158,2e-06
5,159,2e-06
5,160,1e-06
5,161,2e-06
5,162,1e-06
5,163,2e-06
5,165,2e-06
5,166,4e-06
5,167,1e-06
5,169,2e-06
5,170,1e-06
5,171,3e-06
5,172,2e-06
5,173,2e-06
5,174,1e-06
5,175,1e-06
5,177,1e-06
5,178,3e-06
5,179,2e-06
5,180,2e-06
5,181,3e-06
5,182,5e-06
5,183,1e-06
5,184,2e-06
5,187,6e-06
5,188,3e-06
5,189,2e-06
5,190,6e-06
5,191,3e-06
5,192,1e-06
5,193,2e-06
5,194,1e-06
5,195,1e-06
5,196,3e-06
5,197,4e-06
5,198,2e-06
5,199,3e-06
5,200,4e-06
5,201,3e-06
5,202,6e-06
5,203,5e-06
5,204,6e-06
5,205,9e-06
5,206,6e-06
5,207,6e-06
5,208,7e-06
5,209,9e-06
5,210,1e-05
5,211,1e-05
5,212,1.6e-05
5,213,1e-05
5,214,1.3e-05
5,215,1.2e-05
5,216,7e-06
5,217,1.3e-05
5,218,1.4e-05
5,219,1.3e-05
5,220,1.3e-05
5,221,2.1e-05
5,222,1.5e-05
5,223,2.1e-05
5,224,2.1e-05
5,225,2.4e-05
5,226,2e-05
5,227,3.4e-05
5,228,4.9e-05
5,229,5.8e-05
5,230,7.3e-05
5,231,0.000207
5,232,0.005826
6,45,1e-06
6,46,1e-06
6,57,1e-06
6,60,1e-06
6,76,1e-06
6,81,1e-06
6,93,1e-06
6,96,1e-06
6,97,1e-06
6,103,1e-06
6,106,1e-06
6,108,2e-06
6,110,1e-06
6,117,1e-06
6,119,1e-06
6,122,1e-06
6,124,2e-06
6,127,2e-06
6,133,3e-06
6,134,1e-06
6,135,1e-06
6,137,1e-06
6,138,1e-06
6,139,2e-06
6,140,2e-06
6,142,1e-06
6,143,2e-06
6,147,1e-06
6,149,3e-06
6,151,1e-06
6,153,1e-06
6,154,1e-06
6,155,3e-06
6,156,3e-06
6,157,2e-06
6,160,2e-06
6,161,2e-06
6,163,1e-06
6,166,3e-06
6,167,1e-06
6,168,2e-06
6,169,2e-06
6,171,1e-06
6,172,1e-06
6,173,3e-06
6,174,1e-06
6,175,1e-06
6,176,2e-06
6,177,1e-06
6,178,1e-06
6,179,3e-06
6,181,2e-06
6,182,1e-06
6,183,3e-06
6,184,3e-06
6,185,2e-06
6,186,2e-06
6,187,1e-06
6,188,1e-06
6,189,2e-06
6,190,3e-06
6,191,2e-06
6,193,3e-06
6,194,8e-06
6,195,3e-06
6,196,4e-06
6,197,6e-06
6,198,4e-06
6,199,4e-06
6,200,2e-06
6,201,2e-06
6,202,2e-06
6,203,6e-06
6,204,5e-06
6,205,6e-06
6,206,5e-06
6,207,2e-06
6,208,4e-06
6,209,5e-06
6,210,7e-06
6,211,6e-06
6,212,5e-06
6,213,9e-06
6,214,4e-06
6,215,9e-06
6,216,6e-06
6,217,1.1e-05
6,218,1e-05
6,219,1.5e-05
6,220,1.6e-05
6,221,1.4e-05
6,222,1.2e-05
6,223,1.5e-05
6,224,2e-05
6,225,9e-06
6,226,3e-05
6,227,2.4e-05
6,228,4.5e-05
6,229,5.2e-05
6,230,7.5e-05
6,231,0.000216
6,232,0.004687
7,63,1e-06
7,65,1e-06
7,84,1e-06
7,86,1e-06
7,92,1e-06
7,97,2e-06
7,100,1e-06
7,110,1e-06
7,113,1e-06
7,114,1e-06
7,116,2e-06
7,117,1e-06
7,124,1e-06
7,131,1e-06
7,133,1e-06
7,134,4e-06
7,135,2e-06
7,137,1e-06
7,138,2e-06
7,140,1e-06
7,141,1e-06
7,142,1e-06
7,144,1e-06
7,146,3e-06
7,148,2e-06
7,151,2e-06
7,152,1e-06
7,154,2e-06
7,155,1e-06
7,156,1e-06
7,157,1e-06
7,159,1e-06
7,161,1e-06
7,163,1e-06
7,165,3e-06
7,166,1e-06
7,169,1e-06
7,170,1e-06
7,171,3e-06
7,172,1e-06
7,174,3e-06
7,175,1e-06
7,178,1e-06
7,179,1e-06
7,180,1e-06
7,181,2e-06
7,182,1e-06
7,184,2e-06
7,185,3e-06
7,186,5e-06
7,188,5e-06
7,189,1e-06
7,190,1e-06
7,192,1e-06
7,193,3e-06
7,194,5e-06
7,195,4e-06
7,196,7e-06
7,197,3e-06
7,199,4e-06
7,200,4e-06
7,201,4e-06
7,202,3e-06
7,203,8e-06
7,204,3e-06
7,205,1e-06
7,206,7e-06
7,207,4e-06
7,208,4e-06
7,209,6e-06
7,210,6e-06
7,211,1e-06
7,212,3e-06
7,213,8e-06
7,214,2e-06
7,215,9e-06
7,216,8e-06
7,217,9e-06
7,218,6e-06
7,219,6e-06
7,220,1.4e-05
7,221,6e-06
7,222,1.5e-05
7,223,1.8e-05
7,224,7e-06
7,225,2.3e-05
7,226,2.1e-05
7,227,2.5e-05
7,228,2.8e-05
7,229,3.6e-05
7,230,5.3e-05
7,231,0.000168
7,232,0.003892
8,72,1e-06
8,76,1e-06
8,85,1e-06
8,88,1e-06
8,100,3e-06
8,103,1e-06
8,109,1e-06
8,126,1e-06
8,128,2e-06
8,133,1e-06
8,134,2e-06
8,137,4e-06
8,138,1e-06
8,139,1e-06
8,146,1e-06
8,147,1e-06
8,151,1e-06
8,152,2e-06
8,156,1e-06
8,159,1e-06
8,161,1e-06
8,163,4e-06
8,164,2e-06
8,166,1e-06
8,167,2e-06
8,168,2e-06
8,169,1e-06
8,170,1e-06
8,173,1e-06
8,176,1e-06
8,178,1e-06
8,181,2e-06
8,182,2e-06
8,183,1e-06
8,184,2e-06
8,185,2e-06
8,186,2e-06
8,187,2e-06
8,190,3e-06
8,191,1e-06
8,192,3e-06
8,193,1e-06
8,194,1e-06
8,195,1e-06
8,196,5e-06
8,197,5e-06
8,198,1e-06
8,199,2e-06
8,200,3e-06
8,201,2e-06
8,202,2e-06
8,203,2e-06
8,205,2e-06
8,206,4e-06
8,207,3e-06
8,208,2e-06
8,209,5e-06
8,210,1e-06
8,211,3e-06
8,212,4e-06
8,213,4e-06
8,214,6e-06
8,215,9e-06
8,216,6e-06
8,217,1e-05
8,218,6e-06
8,219,7e-06
8,220,9e-06
8,221,9e-06
8,222,7e-06
8,223,1e-05
8,224,8e-06
8,225,1.3e-05
8,226,2.1e-05
8,227,2.2e-05
8,228,2.2e-05
8,229,3.7e-05
8,230,6.6e-05
8,231,0.000138
8,232,0.003324
9,61,1e-06
9,93,1e-06
9,105,1e-06
9,109,1e-06
9,110,1e-06
9,118,2e-06
9,124,1e-06
9,126,1e-06
9,136,1e-06
9,138,2e-06
9,140,1e-06
9,141,1e-06
9,142,1e-06
9,143,1e-06
9,146,1e-06
9,147,1e-06
9,149,1e-06
9,151,1e-06
9,152,1e-06
9,155,2e-06
9,156,1e-06
9,157,1e-06
9,158,1e-06
9,159,1e-06
9,160,1e-06
9,161,1e-06
9,164,2e-06
9,165,1e-06
9,166,1e-06
9,169,1e-06
9,170,2e-06
9,171,3e-06
9,172,1e-06
9,173,2e-06
9,175,2e-06
9,176,1e-06
9,178,1e-06
9,179,1e-06
9,180,5e-06
9,181,3e-06
9,183,2e-06
9,185,1e-06
9,187,1e-06
9,188,3e-06
9,189,2e-06
9,190,2e-06
9,191,3e-06
9,193,2e-06
9,194,3e-06
9,195,1e-06
9,196,1e-06
9,197,2e-06
9,199,1e-06
9,200,4e-06
9,201,3e-06
9,202,2e-06
9,203,1e-06
9,204,3e-06
9,205,3e-06
9,207,3e-06
9,208,6e-06
9,209,4e-06
9,210,4e-06
9,211,2e-06
9,212,7e-06
9,213,4e-06
9,214,6e-06
9,215,7e-06
9,216,3e-06
9,217,8e-06
9,218,7e-06
9,219,1.1e-05
9,220,1.2e-05
9,221,5e-06
9,222,1.3e-05
9,223,1e-05
9,224,1.1e-05
9,225,9e-06
9,226,1.4e-05
9,227,1.5e-05
9,228,1.9e-05
9,229,2.9e-05
9,230,4.3e-05
9,231,0.000114
9,232,0.002857
10,73,1e-06
10,82,1e-06
10,92,1e-06
10,102,1e-06
10,105,1e-06
10,115,2e-06
10,133,1e-06
10,137,1e-06
10,142,1e-06
10,148,2e-06
10,149,1e-06
10,152,1e-06
10,154,2e-06
10,155,1e-06
10,166,1e-06
10,167,1e-06
10,168,1e-06
10,170,1e-06
10,174,1e-06
10,175,3e-06
10,177,1e-06
10,178,2e-06
10,179,1e-06
10,181,1e-06
10,182,1e-06
10,184,2e-06
10,185,2e-06
10,186,2e-06
10,189,3e-06
10,190,3e-06
10,191,1e-06
10,193,2e-06
10,194,1e-06
10,196,2e-06
10,197,3e-06
10,198,1e-06
10,199,5e-06
10,200,5e-06
10,201,3e-06
10,202,2e-06
10,203,2e-06
10,204,2e-06
10,205,4e-06
10,206,3e-06
10,207,3e-06
10,208,1e-06
10,209,3e-06
10,210,6e-06
10,211,4e-06
10,212,5e-06
10,213,8e-06
10,214,4e-06
10,215,3e-06
10,216,4e-06
10,217,5e-06
10,218,1e-06
10,219,7e-06
10,220,8e-06
10,221,1e-05
10,222,1.2e-05
10,223,1e-05
10,224,9e-06
10,225,1.9e-05
10,226,1.3e-05
10,227,1.6e-05
10,228,2.2e-05
10,229,3.3e-05
10,230,4.5e-05
10,231,9.6e-05
10,232,0.002591
11,69,1e-06
11,70,1e-06
11,77,1e-06
11,103,1e-06
11,104,1e-06
11,117,1e-06
11,126,2e-06
11,132,1e-06
11,133,1e-06
11,134,1e-06
11,137,1e-06
11,138,1e-06
11,152,2e-06
11,154,1e-06
11,155,1e-06
11,157,1e-06
11,159,1e-06
11,160,1e-06
11,161,2e-06
11,164,1e-06
11,169,1e-06
11,171,1e-06
11,173,1e-06
11,174,3e-06
11,175,1e-06
11,176,1e-06
11,180,2e-06
11,181,1e-06
11,185,1e-06
11,186,2e-06
11,188,2e-06
11,193,1e-06
11,194,2e-06
11,196,2e-06
11,197,3e-06
11,198,2e-06
11,200,1e-06
11,201,3e-06
11,202,5e-06
11,203,2e-06
11,204,2e-06
11,206,1e-06
11,207,2e-06
11,208,1e-06
11,209,4e-06
11,210,1e-06
11,211,2e-06
11,212,5e-06
11,213,5e-06
11,214,8e-06
11,215,3e-06
11,216,4e-06
11,217,5e-06
11,218,3e-06
11,219,3e-06
11,220,6e-06
11,221,9e-06
11,222,5e-06
11,223,1.3e-05
11,224,1.4e-05
11,225,6e-06
11,226,1e-05
11,227,9e-06
11,228,1.4e-05
11,229,2.3e-05
11,230,4.1e-05
11,231,8.2e-05
11,232,0.00229
12,84,1e-06
12,94,1e-06
12,96,1e-06
12,97,1e-06
12,102,1e-06
12,104,1e-06
12,114,1e-06
12,124,1e-06
12,126,1e-06
12,131,2e-06
12,150,1e-06
12,152,1e-06
12,159,1e-06
12,163,1e-06
12,165,2e-06
12,166,2e-06
12,167,2e-06
12,168,2e-06
12,170,2e-06
12,173,1e-06
12,174,2e-06
12,175,1e-06
12,177,1e-06
12,178,1e-06
12,179,1e-06
12,180,1e-06
12,181,1e-06
12,182,1e-06
12,184,2e-06
12,186,3e-06
12,187,2e-06
12,189,3e-06
12,190,3e-06
12,192,2e-06
12,193,2e-06
12,195,5e-06
12,196,2e-06
12,198,1e-06
12,199,2e-06
12,200,2e-06
12,203,1e-06
12,204,1e-06
12,205,4e-06
12,206,2e-06
12,207,4e-06
12,208,3e-06
12,209,2e-06
12,210,2e-06
12,211,7e-06
12,212,5e-06
12,213,1e-06
12,214,1e-06
12,215,4e-06
12,216,3e-06
12,217,5e-06
12,218,7e-06
12,220,4e-06
12,221,4e-06
12,222,6e-06
12,223,1.1e-05
12,224,3e-06
12,225,1.3e-05
12,226,1.2e-05
12,227,1.3e-05
12,228,2e-05
12,229,3.4e-05
12,230,3.8e-05
12,231,8.1e-05
12,232,0.002087
13,85,1e-06
13,89,1e-06
13,115,1e-06
13,117,1e-06
13,126,1e-06
13,127,1e-06
13,129,1e-06
13,132,3e-06
13,136,1e-06
13,139,1e-06
13,142,2e-06
13,143,2e-06
13,147,1e-06
13,152,1e-06
13,156,1e-06
13,158,1e-06
13,159,1e-06
13,162,1e-06
13,169,1e-06
13,173,1e-06
13,174,1e-06
13,175,2e-06
13,177,1e-06
13,178,1e-06
13,180,2e-06
13,182,1e-06
13,183,1e-06
13,184,2e-06
13,186,2e-06
13,187,3e-06
13,190,1e-06
13,191,1e-06
13,192,1e-06
13,193,4e-06
13,196,1e-06
13,197,3e-06
13,198,1e-06
13,199,2e-06
13,200,4e-06
13,201,2e-06
13,202,1e-06
13,203,3e-06
13,204,5e-06
13,207,1e-06
13,208,2e-06
13,209,2e-06
13,210,1e-06
13,211,2e-06
13,212,4e-06
13,213,2e-06
13,214,3e-06
13,215,1e-06
13,217,5e-06
13,218,5e-06
13,219,5e-06
13,220,3e-06
13,221,8e-06
13,222,7e-06
13,223,4e-06
13,224,5e-06
13,225,9e-06
13,226,9e-06
13,227,1.5e-05
13,228,9e-06
13,229,2.2e-05
13,230,2.3e-05
13,231,5.9e-05
13,232,0.001852
14,74,1e-06
14,86,1e-06
14,93,1e-06
14,112,1e-06
14,121,1e-06
14,131,1e-06
14,138,1e-06
14,143,1e-06
14,146,1e-06
14,149,1e-06
14,150,1e-06
14,151,1e-06
14,157,1e-06
14,161,1e-06
14,164,1e-06
14,166,1e-06
14,167,2e-06
14,168,1e-06
14,169,2e-06
14,171,1e-06
14,173,1e-06
14,175,1e-06
14,178,1e-06
14,179,1e-06
14,180,2e-06
14,182,1e-06
14,184,1e-06
14,186,2e-06
14,187,1e-06
14,189,1e-06
14,190,1e-06
14,191,1e-06
14,193,2e-06
14,194,1e-06
14,195,1e-06
14,196,1e-06
14,198,2e-06
14,199,1e-06
14,200,3e-06
14,201,2e-06
14,202,3e-06
14,204,1e-06
14,205,2e-06
14,206,2e-06
14,207,3e-06
14,208,3e-06
14,210,5e-06
14,212,2e-06
14,213,4e-06
14,214,2e-06
14,215,2e-06
14,216,1e-06
14,217,3e-06
14,218,3e-06
14,219,4e-06
14,220,3e-06
14,221,3e-06
14,222,4e-06
14,223,1e-05
14,224,5e-06
14,225,5e-06
14,226,1.1e-05
14,227,1.5e-05
14,228,1.7e-05
14,229,2.1e-05
14,230,3e-05
14,231,5.8e-05
14,232,0.001693
15,59,1e-06
15,60,1e-06
15,106,2e-06
15,134,1e-06
15,138,1e-06
15,143,1e-06
15,150,2e-06
15,151,1e-06
15,152,1e-06
15,156,1e-06
15,160,1e-06
15,162,1e-06
15,164,1e-06
15,169,2e-06
15,170,1e-06
15,176,1e-06
15,180,1e-06
15,182,1e-06
15,185,1e-06
15,186,1e-06
15,187,1e-06
15,189,1e-06
15,190,1e-06
15,191,1e-06
15,192,1e-06
15,193,2e-06
15,194,3e-06
15,195,1e-06
15,197,2e-06
15,200,2e-06
15,201,2e-06
15,202,2e-06
15,203,2e-06
15,204,3e-06
15,205,1e-06
15,206,1e-06
15,207,1e-06
15,208,2e-06
15,209,2e-06
15,210,1e-06
15,211,5e-06
15,212,1e-06
15,213,1e-06
15,214,1e-06
15,215,2e-06
15,216,2e-06
15,218,3e-06
15,219,4e-06
15,220,4e-06
15,221,6e-06
15,222,5e-06
15,223,4e-06
15,224,7e-06
15,225,5e-06
15,226,8e-06
15,227,9e-06
15,228,1e-05
15,229,2.1e-05
15,230,2e-05
15,231,6.8e-05
15,232,0.001566
16,38,1e-06
16,48,1e-06
16,85,1e-06
16,99,1e-06
16,115,1e-06
16,118,1e-06
16,129,1e-06
16,131,1e-06
16,142,1e-06
16,151,1e-06
16,153,2e-06
16,155,1e-06
16,160,1e-06
16,165,2e-06
16,166,2e-06
16,170,1e-06
16,171,1e-06
16,173,1e-06
16,174,1e-06
16,175,1e-06
16,176,1e-06
16,177,1e-06
16,178,1e-06
16,179,1e-06
16,181,2e-06
16,182,1e-06
16,187,1e-06
16,188,3e-06
16,191,4e-06
16,193,1e-06
16,194,3e-06
16,195,2e-06
16,196,1e-06
16,199,2e-06
16,200,1e-06
16,201,3e-06
16,202,1e-06
16,203,2e-06
16,204,1e-06
16,205,2e-06
16,206,1e-06
16,207,1e-06
16,208,4e-06
16,209,1e-06
16,210,1e-06
16,211,2e-06
16,212,5e-06
16,213,1e-06
16,214,5e-06
16,215,3e-06
16,216,2e-06
16,217,2e-06
16,219,1e-06
16,220,6e-06
16,221,5e-06
16,222,4e-06
16,223,7e-06
16,224,9e-06
16,225,8e-06
16,226,9e-06
16,227,8e-06
16,228,1.4e-05
16,229,2.1e-05
16,230,2.9e-05
16,231,6.5e-05
16,232,0.001448
17,78,1e-06
17,81,1e-06
17,105,1e-06
17,113,1e-06
17,114,2e-06
17,129,1e-06
17,132,1e-06
17,135,1e-06
17,148,1e-06
17,153,1e-06
17,157,1e-06
17,159,1e-06
17,164,1e-06
17,165,2e-06
17,167,1e-06
17,168,1e-06
17,171,1e-06
17,172,1e-06
17,194,2e-06
17,195,2e-06
17,196,2e-06
17,197,1e-06
17,198,2e-06
17,199,1e-06
17,201,1e-06
17,202,1e-06
17,203,2e-06
17,204,1e-06
17,205,2e-06
17,206,3e-06
17,208,2e-06
17,209,3e-06
17,210,1e-06
17,211,1e-06
17,212,2e-06
17,213,2e-06
17,214,4e-06
17,215,1e-06
17,216,1e-06
17,217,3e-06
17,218,3e-06
17,219,3e-06
17,220,1e-06
17,221,7e-06
17,222,4e-06
17,223,8e-06
17,224,6e-06
17,225,8e-06
17,226,7e-06
17,227,9e-06
17,228,1.3e-05
17,229,1e-05
17,230,2.7e-05
17,231,6.3e-05
17,232,0.001296
18,30,1e-06
18,82,1e-06
18,100,1e-06
18,115,1e-06
18,127,1e-06
18,132,1e-06
18,134,1e-06
18,137,2e-06
18,144,1e-06
18,159,1e-06
18,165,1e-06
18,166,1e-06
18,169,1e-06
18,171,1e-06
18,174,1e-06
18,175,1e-06
18,177,2e-06
18,178,1e-06
18,179,3e-06
18,184,1e-06
18,187,1e-06
18,189,1e-06
18,191,3e-06
18,192,2e-06
18,193,1e-06
18,196,1e-06
18,198,1e-06
18,199,1e-06
18,200,3e-06
18,201,3e-06
18,203,1e-06
18,204,1e-06
18,205,2e-06
18,206,1e-06
18,207,3e-06
18,209,2e-06
18,210,1e-06
18,211,1e-06
18,212,4e-06
18,213,3e-06
18,214,4e-06
18,215,4e-06
18,216,1e-06
18,217,3e-06
18,218,2e-06
18,219,7e-06
18,220,2e-06
18,221,4e-06
18,222,1e-06
18,223,2e-06
18,224,7e-06
18,225,8e-06
18,226,7e-06
18,227,1e-05
18,228,1.1e-05
18,229,1.5e-05
18,230,2.1e-05
18,231,4.7e-05
18,232,0.001236
19,64,1e-06
19,102,1e-06
19,112,1e-06
19,126,1e-06
19,127,1e-06
19,129,1e-06
19,136,1e-06
19,138,1e-06
19,139,2e-06
19,142,1e-06
19,148,1e-06
19,150,1e-06
19,153,1e-06
19,155,1e-06
19,157,2e-06
19,164,2e-06
19,167,1e-06
19,168,1e-06
19,169,1e-06
19,171,1e-06
19,174,1e-06
19,177,1e-06
19,180,1e-06
19,183,1e-06
19,184,1e-06
19,185,1e-06
19,188,1e-06
19,190,1e-06
19,191,3e-06
19,193,2e-06
19,197,2e-06
19,198,1e-06
19,201,2e-06
19,203,1e-06
19,204,3e-06
19,206,1e-06
19,208,2e-06
19,209,2e-06
19,210,2e-06
19,211,1e-06
19,212,1e-06
19,213,1e-06
19,214,2e-06
19,215,2e-06
19,216,1e-06
19,217,2e-06
19,218,2e-06
19,219,1e-06
19,220,5e-06
19,221,4e-06
19,222,6e-06
19,223,5e-06
19,224,5e-06
19,225,8e-06
19,226,5e-06
19,227,6e-06
19,228,1.3e-05
19,229,1.8e-05
19,230,2.3e-05
19,231,5.3e-05
19,232,0.001199
20,81,1e-06
20,89,1e-06
20,90,1e-06
20,144,1e-06
20,152,1e-06
20,158,1e-06
20,159,1e-06
20,164,1e-06
20,166,1e-06
20,181,1e-06
20,184,1e-06
20,192,1e-06
20,193,1e-06
20,195,2e-06
20,197,1e-06
20,198,1e-06
20,200,2e-06
20,201,2e-06
20,203,1e-06
20,204,1e-06
20,207,2e-06
20,208,2e-06
20,209,2e-06
20,211,3e-06
20,212,1e-06
20,213,4e-06
20,214,2e-06
20,215,3e-06
20,216,4e-06
20,217,3e-06
20,218,4e-06
20,219,4e-06
20,220,2e-06
20,221,2e-06
20,222,3e-06
20,223,7e-06
20,224,5e-06
20,225,2e-06
20,226,6e-06
20,227,6e-06
20,228,9e-06
20,229,8e-06
20,230,1.8e-05
20,231,4.4e-05
20,232,0.001107
21,98,1e-06
21,103,1e-06
21,107,1e-06
21,130,1e-06
21,138,1e-06
21,148,1e-06
21,153,1e-06
21,157,1e-06
21,168,1e-06
21,170,1e-06
21,175,1e-06
21,176,1e-06
21,179,1e-06
21,180,1e-06
21,182,1e-06
21,184,1e-06
21,188,1e-06
21,190,2e-06
21,192,1e-06
21,196,1e-06
21,198,2e-06
21,199,1e-06
21,200,1e-06
21,202,1e-06
21,203,1e-06
21,204,3e-06
21,205,1e-06
21,206,2e-06
21,207,1e-06
21,208,1e-06
21,210,1e-06
21,212,2e-06
21,213,1e-06
21,215,2e-06
21,216,2e-06
21,217,4e-06
21,218,1e-06
21,219,2e-06
21,220,2e-06
21,221,7e-06
21,222,1e-06
21,223,3e-06
21,224,3e-06
21,225,8e-06
21,226,3e-06
21,227,4e-06
21,228,4e-06
21,229,1e-05
21,230,1.9e-05
21,231,4.6e-05
21,232,0.001093
22,102,1e-06
22,127,1e-06
22,135,1e-06
22,151,1e-06
22,154,1e-06
22,168,2e-06
22,169,2e-06
22,171,1e-06
22,174,1e-06
22,175,1e-06
22,177,2e-06
22,193,1e-06
22,195,1e-06
22,196,1e-06
22,200,1e-06
22,201,1e-06
22,202,1e-06
22,203,1e-06
22,205,2e-06
22,207,2e-06
22,208,2e-06
22,209,1e-06
22,210,4e-06
22,211,2e-06
22,212,2e-06
22,214,1e-06
22,215,1e-06
22,218,1e-06
22,219,4e-06
22,220,1e-06
22,222,1e-06
22,223,2e-06
22,224,5e-06
22,225,4e-06
22,226,5e-06
22,227,4e-06
22,228,1e-05
22,229,5e-06
22,230,1.8e-05
22,231,3.9e-05
22,232,0.001
23,134,2e-06
23,144,1e-06
23,146,1e-06
23,147,1e-06
23,159,1e-06
23,165,1e-06
23,176,1e-06
23,178,2e-06
23,179,1e-06
23,180,1e-06
23,182,1e-06
23,183,1e-06
23,184,1e-06
23,185,1e-06
23,187,1e-06
23,191,2e-06
23,198,3e-06
23,199,2e-06
23,200,1e-06
23,201,2e-06
23,202,1e-06
23,203,1e-06
23,204,1e-06
23,205,2e-06
23,206,2e-06
23,207,2e-06
23,208,1e-06
23,211,1e-06
23,212,1e-06
23,213,1e-06
23,214,5e-06
23,216,2e-06
23,218,2e-06
23,219,3e-06
23,220,2e-06
23,221,4e-06
23,222,3e-06
23,223,2e-06
23,224,4e-06
23,225,4e-06
23,226,1e-06
23,227,8e-06
23,228,5e-06
23,229,9e-06
23,230,2.1e-05
23,231,3.5e-05
23,232,0.000947
24,80,1e-06
24,130,1e-06
24,132,1e-06
24,133,1e-06
24,143,1e-06
24,144,1e-06
24,147,1e-06
24,152,1e-06
24,158,1e-06
24,160,1e-06
24,165,1e-06
24,172,1e-06
24,179,1e-06
24,180,1e-06
24,184,1e-06
24,187,1e-06
24,188,1e-06
24,189,1e-06
24,194,1e-06
24,195,2e-06
24,196,1e-06
24,198,2e-06
24,199,1e-06
24,201,2e-06
24,204,1e-06
24,207,1e-06
24,208,2e-06
24,209,1e-06
24,210,2e-06
24,215,2e-06
24,216,4e-06
24,217,1e-06
24,218,5e-06
24,219,1e-06
24,220,4e-06
24,221,5e-06
24,222,2e-06
24,223,3e-06
24,224,2e-06
24,225,2e-06
24,226,4e-06
24,227,3e-06
24,228,5e-06
24,229,7e-06
24,230,1.4e-05
24,231,4.3e-05
24,232,0.000956
25,101,1e-06
25,103,1e-06
25,149,1e-06
25,152,1e-06
25,161,1e-06
25,166,1e-06
25,169,1e-06
25,170,1e-06
25,173,1e-06
25,183,2e-06
25,184,1e-06
25,188,1e-06
25,194,1e-06
25,199,1e-06
25,201,1e-06
25,203,1e-06
25,204,2e-06
25,205,1e-06
25,207,1e-06
25,209,2e-06
25,210,1e-06
25,214,1e-06
25,215,2e-06
25,216,2e-06
25,217,1e-06
25,218,3e-06
25,219,3e-06
25,220,3e-06
25,221,4e-06
25,223,5e-06
25,224,3e-06
25,225,7e-06
25,226,1e-06
25,227,2e-06
25,228,6e-06
25,229,1.2e-05
25,230,1.9e-05
25,231,3.5e-05
25,232,0.000917
26,88,1e-06
26,97,1e-06
26,163,2e-06
26,168,1e-06
26,172,1e-06
26,178,1e-06
26,179,1e-06
26,180,1e-06
26,181,1e-06
26,184,1e-06
26,185,1e-06
26,193,2e-06
26,195,1e-06
26,198,1e-06
26,199,1e-06
26,200,1e-06
26,201,1e-06
26,202,2e-06
26,203,2e-06
26,204,1e-06
26,205,1e-06
26,206,2e-06
26,209,1e-06
26,210,1e-06
26,212,2e-06
26,213,1e-06
26,215,2e-06
26,216,1e-06
26,217,1e-06
26,218,1e-06
26,219,3e-06
26,220,2e-06
26,221,2e-06
26,222,2e-06
26,223,3e-06
26,224,5e-06
26,225,3e-06
26,226,5e-06
26,227,4e-06
26,228,6e-06
26,229,7e-06
26,230,1e-05
26,231,3.3e-05
26,232,0.000855
27,95,1e-06
27,112,1e-06
27,152,1e-06
27,159,1e-06
27,165,1e-06
27,167,1e-06
27,175,2e-06
27,176,1e-06
27,179,1e-06
27,180,2e-06
27,189,1e-06
27,203,1e-06
27,204,3e-06
27,205,1e-06
27,206,1e-06
27,207,2e-06
27,208,1e-06
27,209,1e-06
27,210,1e-06
27,211,2e-06
27,212,1e-06
27,213,2e-06
27,214,3e-06
27,215,1e-06
27,216,1e-06
27,218,1e-06
27,219,1e-06
27,221,3e-06
27,224,3e-06
27,225,7e-06
27,226,3e-06
27,227,3e-06
27,228,1e-05
27,229,6e-06
27,230,1.7e-05
27,231,3.2e-05
27,232,0.000742
28,119,1e-06
28,123,1e-06
28,145,1e-06
28,149,1e-06
28,158,1e-06
28,164,1e-06
28,167,1e-06
28,181,1e-06
28,182,1e-06
28,183,1e-06
28,184,1e-06
28,188,1e-06
28,190,2e-06
28,193,1e-06
28,196,2e-06
28,197,2e-06
28,200,1e-06
28,202,2e-06
28,203,1e-06
28,204,1e-06
28,205,2e-06
28,206,1e-06
28,207,3e-06
28,208,1e-06
28,212,1e-06
28,213,2e-06
28,214,1e-06
28,215,2e-06
28,216,3e-06
28,217,5e-06
28,218,1e-06
28,219,1e-06
28,220,3e-06
28,221,2e-06
28,222,4e-06
28,223,1e-06
28,224,3e-06
28,225,4e-06
28,226,3e-06
28,227,2e-06
28,228,4e-06
28,229,1.1e-05
28,230,1.3e-05
28,231,3.2e-05
28,232,0.000729
29,111,1e-06
29,140,1e-06
29,145,1e-06
29,146,1e-06
29,147,1e-06
29,150,2e-06
29,162,1e-06
29,163,1e-06
29,165,1e-06
29,169,1e-06
29,178,1e-06
29,183,1e-06
29,184,1e-06
29,186,1e-06
29,189,1e-06
29,194,2e-06
29,195,1e-06
29,196,1e-06
29,204,1e-06
29,207,1e-06
29,208,1e-06
29,209,1e-06
29,211,1e-06
29,212,2e-06
29,213,2e-06
29,214,6e-06
29,215,2e-06
29,219,1e-06
29,220,1e-06
29,221,2e-06
29,222,4e-06
29,223,5e-06
29,224,3e-06
29,225,1e-06
29,226,4e-06
29,227,6e-06
29,228,7e-06
29,229,6e-06
29,230,5e-06
29,231,3.4e-05
29,232,0.000707
30,138,1e-06
30,166,1e-06
30,174,1e-06
30,181,1e-06
30,186,2e-06
30,192,1e-06
30,194,1e-06
30,196,1e-06
30,197,1e-06
30,200,1e-06
30,206,1e-06
30,209,1e-06
30,210,1e-06
30,211,1e-06
30,212,4e-06
30,213,2e-06
30,214,1e-06
30,215,1e-06
30,216,1e-06
30,220,1e-06
30,221,2e-06
30,222,6e-06
30,223,5e-06
30,224,1e-06
30,225,2e-06
30,226,3e-06
30,227,7e-06
30,228,4e-06
30,229,1e-06
30,230,1e-05
30,231,2.5e-05
30,232,0.000709
31,97,1e-06
31,128,1e-06
31,136,1e-06
31,150,1e-06
31,172,1e-06
31,175,1e-06
31,178,1e-06
31,180,1e-06
31,187,1e-06
31,189,1e-06
31,194,2e-06
31,197,2e-06
31,199,2e-06
31,201,1e-06
31,202,1e-06
31,205,1e-06
31,207,1e-06
31,208,1e-06
31,210,1e-06
31,212,1e-06
31,213,1e-06
31,214,1e-06
31,215,1e-06
31,217,2e-06
31,219,2e-06
31,220,1e-06
31,221,1e-06
31,222,2e-06
31,223,2e-06
31,224,4e-06
31,225,5e-06
31,226,6e-06
31,227,8e-06
31,228,1.1e-05
31,229,6e-06
31,230,1e-05
31,231,2.6e-05
31,232,0.000652
32,83,1e-06
32,130,1e-06
32,136,1e-06
32,137,1e-06
32,143,1e-06
32,154,1e-06
32,156,1e-06
32,176,1e-06
32,179,1e-06
32,186,1e-06
32,187,1e-06
32,189,2e-06
32,190,1e-06
32,199,1e-06
32,202,1e-06
32,204,2e-06
32,206,1e-06
32,207,1e-06
32,208,2e-06
32,209,1e-06
32,210,1e-06
32,212,2e-06
32,213,2e-06
32,214,1e-06
32,216,1e-06
32,217,3e-06
32,219,3e-06
32,220,4e-06
32,221,2e-06
32,222,4e-06
32,223,1e-06
32,224,3e-06
32,225,3e-06
32,226,7e-06
32,227,1e-06
32,228,2e-06
32,229,9e-06
32,230,1e-05
32,231,3.1e-05
32,232,0.000609
33,110,1e-06
33,121,1e-06
33,128,3e-06
33,129,1e-06
33,142,2e-06
33,149,1e-06
33,151,1e-06
33,157,1e-06
33,168,1e-06
33,178,1e-06
33,180,2e-06
33,185,1e-06
33,186,1e-06
33,189,1e-06
33,192,1e-06
33,198,1e-06
33,199,1e-06
33,200,1e-06
33,204,1e-06
33,205,2e-06
33,210,1e-06
33,211,1e-06
33,213,1e-06
33,214,2e-06
33,215,2e-06
33,216,1e-06
33,217,3e-06
33,219,1e-06
33,220,2e-06
33,223,2e-06
33,224,2e-06
33,225,4e-06
33,226,1e-06
33,227,3e-06
33,228,9e-06
33,229,6e-06
33,230,7e-06
33,231,2.9e-05
33,232,0.000606
34,64,1e-06
34,81,1e-06
34,99,1e-06
34,122,1e-06
34,131,1e-06
34,139,1e-06
34,154,1e-06
34,159,1e-06
34,163,1e-06
34,168,1e-06
34,171,1e-06
34,177,1e-06
34,193,1e-06
34,195,1e-06
34,196,1e-06
34,197,1e-06
34,198,1e-06
34,206,1e-06
34,209,1e-06
34,210,1e-06
34,211,1e-06
34,213,1e-06
34,214,1e-06
34,215,2e-06
34,218,2e-06
34,222,2e-06
34,223,1e-06
34,224,2e-06
34,225,2e-06
34,226,1e-06
34,227,2e-06
34,228,4e-06
34,229,8e-06
34,230,2e-06
34,231,2.7e-05
34,232,0.000569
35,142,1e-06
35,153,1e-06
35,159,1e-06
35,165,1e-06
35,168,1e-06
35,179,1e-06
35,188,1e-06
35,196,1e-06
35,200,1e-06
35,202,1e-06
35,203,1e-06
35,205,2e-06
35,211,1e-06
35,214,1e-06
35,216,1e-06
35,217,2e-06
35,218,3e-06
35,219,1e-06
35,220,1e-06
35,221,3e-06
35,223,1e-06
35,225,2e-06
35,226,4e-06
35,227,3e-06
35,228,3e-06
35,229,8e-06
35,230,8e-06
35,231,2e-05
35,232,0.000535
36,76,1e-06
36,145,1e-06
36,162,1e-06
36,175,1e-06
36,176,1e-06
36,182,1e-06
36,184,1e-06
36,196,1e-06
36,197,1e-06
36,203,1e-06
36,205,1e-06
36,207,1e-06
36,209,1e-06
36,210,1e-06
36,213,1e-06
36,214,1e-06
36,215,1e-06
36,217,1e-06
36,218,1e-06
36,220,1e-06
36,221,1e-06
36,222,2e-06
36,223,1e-06
36,224,1e-06
36,225,2e-06
36,227,3e-06
36,228,6e-06
36,229,2e-06
36,230,6e-06
36,231,2.4e-05
36,232,0.000581
37,101,1e-06
37,145,1e-06
37,169,1e-06
37,170,2e-06
37,180,1e-06
37,192,1e-06
37,195,1e-06
37,198,1e-06
37,204,1e-06
37,205,1e-06
37,209,1e-06
37,210,3e-06
37,212,1e-06
37,213,1e-06
37,215,2e-06
37,216,1e-06
37,217,1e-06
37,218,2e-06
37,220,1e-06
37,221,3e-06
37,222,2e-06
37,223,1e-06
37,224,4e-06
37,226,2e-06
37,227,4e-06
37,228,4e-06
37,229,4e-06
37,230,7e-06
37,231,1.6e-05
37,232,0.000542
38,144,1e-06
38,146,1e-06
38,158,1e-06
38,170,2e-06
38,173,1e-06
38,178,1e-06
38,187,2e-06
38,189,1e-06
38,194,1e-06
38,196,1e-06
38,200,1e-06
38,202,1e-06
38,204,1e-06
38,205,1e-06
38,210,1e-06
38,215,2e-06
38,217,1e-06
38,219,1e-06
38,220,1e-06
38,222,1e-06
38,224,3e-06
38,225,2e-06
38,226,7e-06
38,227,3e-06
38,228,1e-06
38,229,1e-06
38,230,1e-05
38,231,1.1e-05
38,232,0.000521
39,102,1e-06
39,132,1e-06
39,147,1e-06
39,162,1e-06
39,168,1e-06
39,177,1e-06
39,181,1e-06
39,188,2e-06
39,196,1e-06
39,198,1e-06
39,205,1e-06
39,207,3e-06
39,208,1e-06
39,209,1e-06
39,211,1e-06
39,212,1e-06
39,213,4e-06
39,215,2e-06
39,216,1e-06
39,218,2e-06
39,221,2e-06
39,222,1e-06
39,223,2e-06
39,224,2e-06
39,225,2e-06
39,226,1e-06
39,228,3e-06
39,229,6e-06
39,230,8e-06
39,231,1.6e-05
39,232,0.000499
40,77,1e-06
40,120,1e-06
40,126,1e-06
40,129,1e-06
40,148,1e-06
40,149,1e-06
40,159,1e-06
40,170,1e-06
40,172,1e-06
40,177,1e-06
40,180,1e-06
40,185,1e-06
40,188,1e-06
40,197,1e-06
40,198,1e-06
40,199,1e-06
40,201,1e-06
40,204,1e-06
40,206,1e-06
40,207,1e-06
40,212,1e-06
40,214,1e-06
40,215,1e-06
40,218,4e-06
40,219,1e-06
40,220,1e-06
40,221,1e-06
40,222,1e-06
40,223,1e-06
40,224,5e-06
40,225,2e-06
40,226,1e-06
40,227,3e-06
40,228,2e-06
40,229,7e-06
40,230,4e-06
40,231,1.4e-05
40,232,0.000462
41,101,1e-06
41,145,1e-06
41,176,1e-06
41,184,1e-06
41,186,2e-06
41,187,1e-06
41,190,2e-06
41,191,1e-06
41,195,1e-06
41,200,2e-06
41,208,1e-06
41,209,2e-06
41,211,1e-06
41,212,1e-06
41,214,1e-06
41,216,1e-06
41,218,1e-06
41,219,1e-06
41,220,2e-06
41,222,1e-06
41,224,2e-06
41,225,1e-06
41,227,2e-06
41,228,4e-06
41,229,7e-06
41,230,8e-06
41,231,1.9e-05
41,232,0.000444
42,123,1e-06
42,161,1e-06
42,174,1e-06
42,178,1e-06
42,182,1e-06
42,185,1e-06
42,196,1e-06
42,203,1e-06
42,208,3e-06
42,209,2e-06
42,213,1e-06
42,215,1e-06
42,216,1e-06
42,217,1e-06
42,220,1e-06
42,222,1e-06
42,224,5e-06
42,225,2e-06
42,226,1e-06
42,227,3e-06
42,228,6e-06
42,229,5e-06
42,230,1e-05
42,231,1.3e-05
42,232,0.000415
43,142,1e-06
43,160,1e-06
43,165,1e-06
43,179,1e-06
43,186,1e-06
43,189,1e-06
43,194,1e-06
43,196,1e-06
43,208,1e-06
43,209,1e-06
43,213,1e-06
43,214,1e-06
43,217,1e-06
43,220,3e-06
43,221,2e-06
43,222,3e-06
43,225,4e-06
43,226,1e-06
43,227,1e-06
43,228,3e-06
43,229,5e-06
43,230,5e-06
43,231,1.6e-05
43,232,0.000442
44,124,1e-06
44,145,1e-06
44,147,1e-06
44,166,1e-06
44,170,1e-06
44,172,1e-06
44,183,1e-06
44,186,1e-06
44,188,1e-06
44,201,1e-06
44,218,1e-06
44,221,1e-06
44,223,2e-06
44,224,2e-06
44,225,6e-06
44,226,4e-06
44,227,3e-06
44,228,1e-06
44,229,5e-06
44,230,5e-06
44,231,1.9e-05
44,232,0.000393
45,128,1e-06
45,137,1e-06
45,149,1e-06
45,160,1e-06
45,179,1e-06
45,180,1e-06
45,185,1e-06
45,191,1e-06
45,197,1e-06
45,202,1e-06
45,203,1e-06
45,205,3e-06
45,206,1e-06
45,209,1e-06
45,213,1e-06
45,217,1e-06
45,222,1e-06
45,225,2e-06
45,226,2e-06
45,227,3e-06
45,228,4e-06
45,229,6e-06
45,230,8e-06
45,231,1.9e-05
45,232,0.000388
46,125,1e-06
46,154,1e-06
46,166,1e-06
46,175,1e-06
46,191,1e-06
46,205,2e-06
46,209,1e-06
46,210,2e-06
46,213,2e-06
46,214,2e-06
46,215,1e-06
46,218,1e-06
46,221,1e-06
46,222,3e-06
46,223,1e-06
46,224,2e-06
46,225,3e-06
46,226,4e-06
46,227,4e-06
46,228,3e-06
46,229,6e-06
46,230,7e-06
46,231,1.2e-05
46,232,0.000388
47,89,1e-06
47,143,1e-06
47,154,1e-06
47,180,1e-06
47,189,1e-06
47,198,1e-06
47,199,1e-06
47,200,1e-06
47,206,1e-06
47,211,1e-06
47,213,1e-06
47,215,1e-06
47,219,1e-06
47,220,1e-06
47,222,1e-06
47,223,3e-06
47,224,3e-06
47,225,3e-06
47,226,2e-06
47,227,3e-06
47,228,4e-06
47,229,1e-06
47,230,1e-05
47,231,1.7e-05
47,232,0.000353
48,138,1e-06
48,176,1e-06
48,182,1e-06
48,183,1e-06
48,184,1e-06
48,187,1e-06
48,188,1e-06
48,196,1e-06
48,198,1e-06
48,201,1e-06
48,205,1e-06
48,206,1e-06
48,211,1e-06
48,215,2e-06
48,216,1e-06
48,218,2e-06
48,219,1e-06
48,220,2e-06
48,222,2e-06
48,223,3e-06
48,224,1e-06
48,225,1e-06
48,226,4e-06
48,227,2e-06
48,229,6e-06
48,230,4e-06
48,231,1.7e-05
48,232,0.000337
49,124,1e-06
49,165,1e-06
49,174,1e-06
49,178,1e-06
49,183,1e-06
49,188,1e-06
49,198,1e-06
49,199,1e-06
49,200,1e-06
49,201,1e-06
49,205,1e-06
49,208,1e-06
49,212,1e-06
49,214,1e-06
49,215,1e-06
49,217,1e-06
49,218,1e-06
49,219,1e-06
49,221,1e-06
49,222,2e-06
49,223,2e-06
49,224,1e-06
49,226,2e-06
49,228,2e-06
49,229,5e-06
49,230,4e-06
49,231,9e-06
49,232,0.000326
50,136,1e-06
50,178,1e-06
50,190,1e-06
50,192,1e-06
50,204,3e-06
50,206,2e-06
50,208,1e-06
50,211,1e-06
50,214,1e-06
50,216,1e-06
50,217,2e-06
50,220,1e-06
50,223,1e-06
50,224,2e-06
50,225,2e-06
50,226,2e-06
50,227,3e-06
50,228,4e-06
50,230,1e-06
50,231,1.2e-05
50,232,0.000338
51,124,1e-06
51,168,1e-06
51,173,1e-06
51,186,1e-06
51,195,2e-06
51,198,1e-06
51,199,2e-06
51,203,1e-06
51,205,1e-06
51,206,1e-06
51,211,1e-06
51,212,1e-06
51,216,2e-06
51,217,1e-06
51,223,1e-06
51,224,1e-06
51,225,1e-06
51,226,2e-06
51,227,1e-06
51,228,4e-06
51,229,5e-06
51,230,7e-06
51,231,1.1e-05
51,232,0.000329
52,101,1e-06
52,154,1e-06
52,169,1e-06
52,176,1e-06
52,178,1e-06
52,180,1e-06
52,189,2e-06
52,190,1e-06
52,198,2e-06
52,200,1e-06
52,205,1e-06
52,207,2e-06
52,210,1e-06
52,213,1e-06
52,215,2e-06
52,218,2e-06
52,221,1e-06
52,223,4e-06
52,225,1e-06
52,226,1e-06
52,227,9e-06
52,228,4e-06
52,229,4e-06
52,230,4e-06
52,231,1.8e-05
52,232,0.00032
53,119,2e-06
53,146,1e-06
53,156,1e-06
53,197,1e-06
53,198,1e-06
53,200,1e-06
53,201,2e-06
53,206,1e-06
53,207,2e-06
53,209,2e-06
53,212,1e-06
53,219,1e-06
53,220,1e-06
53,222,2e-06
53,224,3e-06
53,225,1e-06
53,226,1e-06
53,227,3e-06
53,228,1e-06
53,229,5e-06
53,230,6e-06
53,231,9e-06
53,232,0.000281
54,127,1e-06
54,148,1e-06
54,167,1e-06
54,175,1e-06
54,184,1e-06
54,195,1e-06
54,206,1e-06
54,208,1e-06
54,213,1e-06
54,219,1e-06
54,220,1e-06
54,221,2e-06
54,222,1e-06
54,224,1e-06
54,225,2e-06
54,226,2e-06
54,227,1e-06
54,228,2e-06
54,229,2e-06
54,230,5e-06
54,231,1.2e-05
54,232,0.000293
55,181,1e-06
55,192,1e-06
55,201,1e-06
55,205,1e-06
55,207,1e-06
55,215,2e-06
55,218,1e-06
55,220,1e-06
55,222,2e-06
55,223,2e-06
55,224,2e-06
55,225,2e-06
55,226,2e-06
55,227,3e-06
55,228,2e-06
55,229,1e-06
55,230,3e-06
55,231,1.8e-05
55,232,0.000267
56,133,1e-06
56,159,1e-06
56,171,1e-06
56,172,1e-06
56,196,1e-06
56,200,1e-06
56,210,1e-06
56,211,1e-06
56,213,1e-06
56,220,2e-06
56,221,1e-06
56,222,1e-06
56,223,2e-06
56,224,1e-06
56,225,2e-06
56,226,3e-06
56,227,3e-06
56,228,1e-06
56,229,4e-06
56,230,2e-06
56,231,1.1e-05
56,232,0.000327
57,191,1e-06
57,202,1e-06
57,215,1e-06
57,218,2e-06
57,219,2e-06
57,220,2e-06
57,222,1e-06
57,223,2e-06
57,224,1e-06
57,225,1e-06
57,226,1e-06
57,228,2e-06
57,229,5e-06
57,230,2e-06
57,231,1.3e-05
57,232,0.000301
58,175,1e-06
58,180,1e-06
58,190,1e-06
58,206,1e-06
58,211,1e-06
58,216,1e-06
58,219,1e-06
58,221,1e-06
58,224,2e-06
58,226,7e-06
58,227,3e-06
58,229,3e-06
58,230,7e-06
58,231,1.5e-05
58,232,0.000246
59,117,1e-06
59,120,1e-06
59,141,1e-06
59,156,1e-06
59,172,1e-06
59,175,2e-06
59,182,1e-06
59,185,1e-06
59,198,1e-06
59,199,1e-06
59,201,1e-06
59,205,1e-06
59,206,1e-06
59,207,1e-06
59,209,1e-06
59,210,1e-06
59,219,2e-06
59,221,1e-06
59,225,1e-06
59,226,1e-06
59,227,1e-06
59,228,3e-06
59,229,3e-06
59,230,7e-06
59,231,1.3e-05
59,232,0.000249
60,132,1e-06
60,170,1e-06
60,171,1e-06
60,180,1e-06
60,182,1e-06
60,195,1e-06
60,198,2e-06
60,204,1e-06
60,208,1e-06
60,210,1e-06
60,215,2e-06
60,216,1e-06
60,218,1e-06
60,219,1e-06
60,223,1e-06
60,225,1e-06
60,226,1e-06
60,227,2e-06
60,228,2e-06
60,229,5e-06
60,230,6e-06
60,231,1.2e-05
60,232,0.000284
61,170,1e-06
61,194,1e-06
61,198,1e-06
61,200,1e-06
61,201,1e-06
61,202,1e-06
61,205,1e-06
61,206,1e-06
61,207,1e-06
61,213,1e-06
61,215,1e-06
61,217,1e-06
61,221,2e-06
61,223,1e-06
61,226,2e-06
61,228,2e-06
61,229,7e-06
61,230,2e-06
61,231,8e-06
61,232,0.000261
62,125,1e-06
62,170,1e-06
62,182,1e-06
62,207,1e-06
62,211,1e-06
62,214,1e-06
62,219,1e-06
62,221,2e-06
62,222,1e-06
62,225,1e-06
62,226,2e-06
62,227,4e-06
62,228,1e-06
62,229,2e-06
62,230,5e-06
62,231,1.4e-05
62,232,0.000243
63,122,1e-06
63,160,1e-06
63,187,1e-06
63,188,1e-06
63,191,1e-06
63,198,1e-06
63,205,3e-06
63,206,3e-06
63,208,1e-06
63,209,1e-06
63,210,1e-06
63,211,1e-06
63,213,1e-06
63,217,2e-06
63,219,2e-06
63,222,1e-06
63,224,2e-06
63,225,2e-06
63,226,1e-06
63,227,1e-06
63,228,1e-06
63,229,2e-06
63,230,4e-06
63,231,8e-06
63,232,0.000234
64,172,2e-06
64,178,1e-06
64,179,1e-06
64,180,1e-06
64,199,1e-06
64,205,1e-06
64,208,1e-06
64,214,2e-06
64,216,1e-06
64,220,4e-06
64,221,2e-06
64,222,1e-06
64,224,2e-06
64,229,1e-06
64,230,3e-06
64,231,8e-06
64,232,0.000236
65,130,1e-06
65,143,1e-06
65,170,1e-06
65,172,1e-06
65,197,1e-06
65,211,1e-06
65,217,1e-06
65,222,2e-06
65,224,2e-06
65,226,1e-06
65,227,2e-06
65,228,1e-06
65,229,1e-06
65,230,3e-06
65,231,8e-06
65,232,0.000204
66,132,1e-06
66,180,1e-06
66,191,2e-06
66,202,1e-06
66,207,1e-06
66,212,3e-06
66,213,1e-06
66,215,1e-06
66,217,1e-06
66,220,1e-06
66,221,2e-06
66,223,1e-06
66,224,2e-06
66,226,1e-06
66,227,3e-06
66,228,2e-06
66,229,3e-06
66,230,4e-06
66,231,8e-06
66,232,0.000212
67,145,1e-06
67,207,1e-06
67,208,1e-06
67,217,1e-06
67,219,1e-06
67,221,1e-06
67,223,1e-06
67,224,1e-06
67,227,1e-06
67,228,3e-06
67,229,2e-06
67,230,3e-06
67,231,1.2e-05
67,232,0.000182
68,102,1e-06
68,133,1e-06
68,141,1e-06
68,149,1e-06
68,151,1e-06
68,190,1e-06
68,199,1e-06
68,213,1e-06
68,221,1e-06
68,222,1e-06
68,225,3e-06
68,227,2e-06
68,228,1e-06
68,229,1e-06
68,230,2e-06
68,231,5e-06
68,232,0.000214
69,153,1e-06
69,172,1e-06
69,182,1e-06
69,191,1e-06
69,198,1e-06
69,205,1e-06
69,206,1e-06
69,208,3e-06
69,212,1e-06
69,213,1e-06
69,215,1e-06
69,219,1e-06
69,222,1e-06
69,225,1e-06
69,226,1e-06
69,227,1e-06
69,229,1e-06
69,230,4e-06
69,231,8e-06
69,232,0.000191
70,137,1e-06
70,140,1e-06
70,155,1e-06
70,158,1e-06
70,162,1e-06
70,168,1e-06
70,197,1e-06
70,204,1e-06
70,218,1e-06
70,221,1e-06
70,222,1e-06
70,223,1e-06
70,225,2e-06
70,227,2e-06
70,228,2e-06
70,229,2e-06
70,230,4e-06
70,231,1e-05
70,232,0.00021
71,110,1e-06
71,190,1e-06
71,194,1e-06
71,195,2e-06
71,197,1e-06
71,198,1e-06
71,205,1e-06
71,208,1e-06
71,212,1e-06
71,221,1e-06
71,222,1e-06
71,225,1e-06
71,226,1e-06
71,227,2e-06
71,228,1e-06
71,229,1e-06
71,230,2e-06
71,231,6e-06
71,232,0.000209
72,171,1e-06
72,204,1e-06
72,213,1e-06
72,216,1e-06
72,217,2e-06
72,220,1e-06
72,223,2e-06
72,224,1e-06
72,225,2e-06
72,226,1e-06
72,227,1e-06
72,228,2e-06
72,229,2e-06
72,230,3e-06
72,231,9e-06
72,232,0.000176
73,176,1e-06
73,208,1e-06
73,212,1e-06
73,218,2e-06
73,220,1e-06
73,224,1e-06
73,226,1e-06
73,227,1e-06
73,228,2e-06
73,229,1e-06
73,230,4e-06
73,231,6e-06
73,232,0.000207
74,166,1e-06
74,181,2e-06
74,214,1e-06
74,215,1e-06
74,224,2e-06
74,225,1e-06
74,226,3e-06
74,227,8e-06
74,228,4e-06
74,229,2e-06
74,230,4e-06
74,231,2e-06
74,232,0.000173
75,180,1e-06
75,189,1e-06
75,191,1e-06
75,193,1e-06
75,197,1e-06
75,203,1e-06
75,218,1e-06
75,220,1e-06
75,222,1e-06
75,225,2e-06
75,227,1e-06
75,228,3e-06
75,229,2e-06
75,230,1e-06
75,231,1e-05
75,232,0.000146
76,173,1e-06
76,197,2e-06
76,213,1e-06
76,214,1e-06
76,217,1e-06
76,219,1e-06
76,220,1e-06
76,224,1e-06
76,225,2e-06
76,226,2e-06
76,227,1e-06
76,228,2e-06
76,229,1e-06
76,230,5e-06
76,231,3e-06
76,232,0.000179
77,219,1e-06
77,222,1e-06
77,223,3e-06
77,227,1e-06
77,229,1e-06
77,230,2e-06
77,231,2e-06
77,232,0.000168
78,147,1e-06
78,177,1e-06
78,178,1e-06
78,180,1e-06
78,203,1e-06
78,206,1e-06
78,209,1e-06
78,212,1e-06
78,213,1e-06
78,217,2e-06
78,221,1e-06
78,224,1e-06
78,227,1e-06
78,228,1e-06
78,229,2e-06
78,230,2e-06
78,231,5e-06
78,232,0.00015
79,148,1e-06
79,169,1e-06
79,186,1e-06
79,189,1e-06
79,192,1e-06
79,196,1e-06
79,208,1e-06
79,209,1e-06
79,222,1e-06
79,226,1e-06
79,227,1e-06
79,228,3e-06
79,229,2e-06
79,230,2e-06
79,231,5e-06
79,232,0.000133
80,191,1e-06
80,210,1e-06
80,222,1e-06
80,223,1e-06
80,225,1e-06
80,226,2e-06
80,227,1e-06
80,228,1e-06
80,229,1e-06
80,230,1e-06
80,231,7e-06
80,232,0.000147
81,189,1e-06
81,206,1e-06
81,207,1e-06
81,212,1e-06
81,216,1e-06
81,221,1e-06
81,223,1e-06
81,226,1e-06
81,227,3e-06
81,228,2e-06
81,229,2e-06
81,230,1e-06
81,231,3e-06
81,232,0.000142
82,190,2e-06
82,209,1e-06
82,214,1e-06
82,215,2e-06
82,216,1e-06
82,221,1e-06
82,223,1e-06
82,224,1e-06
82,225,2e-06
82,227,1e-06
82,228,1e-06
82,229,1e-06
82,230,2e-06
82,231,6e-06
82,232,0.000156
83,194,1e-06
83,204,1e-06
83,207,1e-06
83,224,1e-06
83,226,1e-06
83,228,1e-06
83,229,1e-06
83,230,2e-06
83,231,6e-06
83,232,0.000145
84,181,1e-06
84,203,1e-06
84,205,1e-06
84,221,1e-06
84,227,2e-06
84,228,1e-06
84,229,2e-06
84,230,2e-06
84,231,5e-06
84,232,0.000128
85,186,1e-06
85,194,1e-06
85,204,1e-06
85,215,1e-06
85,220,1e-06
85,221,3e-06
85,222,1e-06
85,223,1e-06
85,226,2e-06
85,228,1e-06
85,229,4e-06
85,230,3e-06
85,231,3e-06
85,232,0.000119
86,190,1e-06
86,217,1e-06
86,222,1e-06
86,226,1e-06
86,228,1e-06
86,229,3e-06
86,231,9e-06
86,232,0.00014
87,170,1e-06
87,201,1e-06
87,214,1e-06
87,220,1e-06
87,225,1e-06
87,228,2e-06
87,229,2e-06
87,231,7e-06
87,232,0.000135
88,192,1e-06
88,199,1e-06
88,201,1e-06
88,206,1e-06
88,214,1e-06
88,217,1e-06
88,224,1e-06
88,226,1e-06
88,228,1e-06
88,229,1e-06
88,230,2e-06
88,231,4e-06
88,232,0.000146
89,166,1e-06
89,192,1e-06
89,204,1e-06
89,205,1e-06
89,206,1e-06
89,210,1e-06
89,213,1e-06
89,218,1e-06
89,227,1e-06
89,231,2e-06
89,232,0.000138
90,211,1e-06
90,221,1e-06
90,222,1e-06
90,224,1e-06
90,229,1e-06
90,230,2e-06
90,231,3e-06
90,232,0.000125
91,195,1e-06
91,205,1e-06
91,209,1e-06
91,229,2e-06
91,230,2e-06
91,231,3e-06
91,232,0.000102
92,196,1e-06
92,197,1e-06
92,210,1e-06
92,223,1e-06
92,226,1e-06
92,227,2e-06
92,228,2e-06
92,229,1e-06
92,230,1e-06
92,231,6e-06
92,232,0.000113
93,188,1e-06
93,211,1e-06
93,222,1e-06
93,228,1e-06
93,230,4e-06
93,231,2e-06
93,232,0.000134
94,209,1e-06
94,218,1e-06
94,224,2e-06
94,225,1e-06
94,226,2e-06
94,227,1e-06
94,229,1e-06
94,230,2e-06
94,231,7e-06
94,232,9.6e-05
95,202,2e-06
95,211,1e-06
95,218,1e-06
95,221,2e-06
95,224,1e-06
95,228,2e-06
95,230,1e-06
95,231,2e-06
95,232,9.3e-05
96,149,1e-06
96,210,1e-06
96,211,1e-06
96,218,1e-06
96,219,1e-06
96,221,1e-06
96,222,2e-06
96,223,1e-06
96,225,1e-06
96,226,1e-06
96,227,1e-06
96,229,1e-06
96,231,4e-06
96,232,0.000114
97,172,1e-06
97,208,1e-06
97,218,1e-06
97,219,1e-06
97,220,1e-06
97,222,1e-06
97,226,1e-06
97,227,1e-06
97,228,1e-06
97,229,1e-06
97,230,2e-06
97,231,3e-06
97,232,0.000119
98,175,1e-06
98,209,2e-06
98,210,1e-06
98,223,1e-06
98,225,1e-06
98,229,1e-06
98,230,1e-06
98,231,2e-06
98,232,0.000101
99,184,1e-06
99,209,1e-06
99,215,1e-06
99,227,1e-06
99,228,1e-06
99,229,1e-06
99,230,1e-06
99,231,6e-06
99,232,0.000108
100,191,1e-06
100,207,1e-06
100,214,1e-06
100,218,1e-06
100,229,2e-06
100,231,7e-06
100,232,9.5e-05
101,216,1e-06
101,229,3e-06
101,230,2e-06
101,231,3e-06
101,232,9.5e-05
102,192,1e-06
102,213,1e-06
102,224,1e-06
102,228,1e-06
102,229,1e-06
102,230,3e-06
102,231,2e-06
102,232,8.6e-05
103,201,1e-06
103,225,2e-06
103,226,1e-06
103,227,1e-06
103,228,2e-06
103,229,2e-06
103,230,2e-06
103,231,3e-06
103,232,7.4e-05
104,151,1e-06
104,223,1e-06
104,225,1e-06
104,226,1e-06
104,229,1e-06
104,230,2e-06
104,231,5e-06
104,232,8.3e-05
105,184,1e-06
105,215,1e-06
105,217,1e-06
105,224,1e-06
105,225,1e-06
105,226,1e-06
105,228,3e-06
105,230,1e-06
105,231,3e-06
105,232,7.2e-05
106,192,1e-06
106,227,1e-06
106,230,1e-06
106,231,4e-06
106,232,6.6e-05
107,169,1e-06
107,214,1e-06
107,224,1e-06
107,226,1e-06
107,230,2e-06
107,231,7e-06
107,232,6.9e-05
108,193,1e-06
108,210,1e-06
108,215,1e-06
108,220,1e-06
108,222,1e-06
108,225,1e-06
108,230,2e-06
108,231,1e-06
108,232,8.5e-05
109,150,1e-06
109,171,1e-06
109,214,1e-06
109,221,2e-06
109,223,1e-06
109,228,1e-06
109,230,2e-06
109,231,1e-06
109,232,7.3e-05
110,152,1e-06
110,192,1e-06
110,228,4e-06
110,229,2e-06
110,230,3e-06
110,232,5.9e-05
111,174,1e-06
111,195,1e-06
111,212,1e-06
111,218,1e-06
111,219,1e-06
111,227,1e-06
111,231,2e-06
111,232,6.8e-05
112,171,1e-06
112,218,1e-06
112,227,1e-06
112,230,1e-06
112,231,3e-06
112,232,6.6e-05
113,178,1e-06
113,191,1e-06
113,203,1e-06
113,221,1e-06
113,225,1e-06
113,227,2e-06
113,228,2e-06
113,229,1e-06
113,230,1e-06
113,231,1e-06
113,232,6.6e-05
114,167,1e-06
114,184,1e-06
114,186,1e-06
114,208,1e-06
114,217,1e-06
114,225,1e-06
114,227,1e-06
114,228,1e-06
114,230,1e-06
114,231,4e-06
114,232,5.2e-05
115,221,1e-06
115,227,1e-06
115,230,3e-06
115,231,2e-06
115,232,7.6e-05
116,223,1e-06
116,225,1e-06
116,229,1e-06
116,230,1e-06
116,231,6e-06
116,232,6.7e-05
117,206,2e-06
117,212,1e-06
117,218,2e-06
117,223,1e-06
117,227,1e-06
117,229,1e-06
117,230,1e-06
117,231,4e-06
117,232,5.8e-05
118,214,1e-06
118,226,1e-06
118,228,1e-06
118,229,1e-06
118,231,6e-06
118,232,6.8e-05
119,214,1e-06
119,227,1e-06
119,230,2e-06
119,231,4e-06
119,232,5.5e-05
120,163,1e-06
120,178,1e-06
120,218,1e-06
120,222,1e-06
120,225,1e-06
120,231,1e-06
120,232,5.1e-05
121,201,1e-06
121,212,1e-06
121,216,1e-06
121,218,1e-06
121,227,1e-06
121,228,1e-06
121,231,5e-06
121,232,5.2e-05
122,200,1e-06
122,203,1e-06
122,220,1e-06
122,227,1e-06
122,230,1e-06
122,231,1e-06
122,232,4e-05
123,228,1e-06
123,229,2e-06
123,230,1e-06
123,231,4e-06
123,232,4.2e-05
124,212,1e-06
124,213,1e-06
124,216,1e-06
124,228,1e-06
124,232,3.9e-05
125,223,1e-06
125,227,1e-06
125,229,2e-06
125,230,1e-06
125,231,1e-06
125,232,4.9e-05
126,227,1e-06
126,228,1e-06
126,229,1e-06
126,230,1e-06
126,231,1e-06
126,232,4.4e-05
127,226,1e-06
127,228,1e-06
127,231,1e-06
127,232,4.4e-05
128,202,1e-06
128,219,1e-06
128,224,1e-06
128,227,1e-06
128,229,3e-06
128,230,1e-06
128,231,1e-06
128,232,5.1e-05
129,172,1e-06
129,183,1e-06
129,221,1e-06
129,224,1e-06
129,225,1e-06
129,230,2e-06
129,232,3.9e-05
130,210,1e-06
130,214,1e-06
130,230,1e-06
130,231,2e-06
130,232,4.6e-05
131,175,1e-06
131,228,1e-06
131,230,3e-06
131,231,1e-06
131,232,5e-05
132,190,1e-06
132,228,2e-06
132,230,1e-06
132,231,1e-06
132,232,4e-05
133,222,1e-06
133,224,1e-06
133,229,1e-06
133,230,1e-06
133,231,2e-06
133,232,4.1e-05
134,223,1e-06
134,228,1e-06
134,229,1e-06
134,230,1e-06
134,231,3e-06
134,232,4.1e-05
135,227,1e-06
135,231,1e-06
135,232,2.6e-05
136,168,1e-06
136,216,1e-06
136,226,1e-06
136,228,1e-06
136,230,1e-06
136,231,2e-06
136,232,2.9e-05
137,216,1e-06
137,218,1e-06
137,225,1e-06
137,226,1e-06
137,230,2e-06
137,232,3.2e-05
138,217,1e-06
138,227,1e-06
138,230,1e-06
138,232,3.8e-05
139,220,1e-06
139,221,1e-06
139,223,1e-06
139,226,1e-06
139,229,1e-06
139,230,1e-06
139,231,3e-06
139,232,3.9e-05
140,218,1e-06
140,223,1e-06
140,230,1e-06
140,232,3.5e-05
141,207,1e-06
141,214,1e-06
141,218,1e-06
141,225,1e-06
141,226,1e-06
141,232,3.1e-05
142,222,1e-06
142,230,1e-06
142,232,4.5e-05
143,221,1e-06
143,231,2e-06
143,232,3e-05
144,220,1e-06
144,231,1e-06
144,232,2.5e-05
145,220,1e-06
145,230,3e-06
145,231,2e-06
145,232,2.5e-05
146,220,1e-06
146,221,1e-06
146,229,1e-06
146,231,1e-06
146,232,2.4e-05
147,210,1e-06
147,211,1e-06
147,213,1e-06
147,225,1e-06
147,227,1e-06
147,228,1e-06
147,231,1e-06
147,232,2.8e-05
148,199,1e-06
148,210,1e-06
148,215,1e-06
148,227,1e-06
148,228,1e-06
148,230,2e-06
148,231,1e-06
148,232,2.6e-05
149,231,2e-06
149,232,1.7e-05
150,205,1e-06
150,216,1e-06
150,223,1e-06
150,224,1e-06
150,228,1e-06
150,229,1e-06
150,230,1e-06
150,232,2.1e-05
151,179,1e-06
151,231,1e-06
151,232,2.6e-05
152,231,2e-06
152,232,2e-05
153,215,1e-06
153,221,1e-06
153,225,1e-06
153,231,1e-06
153,232,1.9e-05
154,229,1e-06
154,232,2.6e-05
155,222,2e-06
155,226,1e-06
155,231,1e-06
155,232,2e-05
156,227,1e-06
156,232,1.7e-05
157,202,1e-06
157,224,1e-06
157,228,1e-06
157,232,1.3e-05
158,229,1e-06
158,231,1e-06
158,232,2e-05
159,214,1e-06
159,229,1e-06
159,232,1.1e-05
160,211,1e-06
160,230,1e-06
160,232,1.5e-05
161,184,1e-06
161,214,1e-06
161,217,1e-06
161,229,1e-06
161,232,2.4e-05
162,214,1e-06
162,221,1e-06
162,227,1e-06
162,232,1.8e-05
163,226,1e-06
163,231,1e-06
163,232,1.6e-05
164,228,1e-06
164,232,1.2e-05
165,232,1.8e-05
166,231,1e-06
166,232,1.4e-05
167,213,1e-06
167,221,1e-06
167,232,1.2e-05
168,225,1e-06
168,231,1e-06
168,232,1.2e-05
169,231,3e-06
169,232,1.6e-05
170,206,1e-06
170,232,8e-06
171,232,1e-05
172,232,1.5e-05
173,223,1e-06
173,232,5e-06
174,225,1e-06
174,230,2e-06
174,231,1e-06
174,232,8e-06
175,228,1e-06
175,232,9e-06
176,231,1e-06
176,232,1e-05
177,230,1e-06
177,231,1e-06
177,232,1e-05
178,228,1e-06
178,230,1e-06
178,232,1e-05
179,232,1.2e-05
180,232,1e-05
181,230,1e-06
181,232,8e-06
182,224,1e-06
182,232,1.1e-05
183,224,1e-06
183,232,9e-06
184,226,1e-06
184,232,7e-06
185,229,1e-06
185,232,1e-05
186,232,7e-06
187,232,9e-06
188,232,4e-06
189,232,6e-06
190,232,4e-06
191,222,1e-06
191,232,4e-06
192,232,4e-06
193,232,4e-06
194,232,7e-06
195,220,1e-06
195,232,5e-06
196,229,1e-06
196,232,3e-06
197,232,2e-06
198,231,1e-06
198,232,4e-06
199,232,4e-06
200,232,1e-06
201,228,1e-06
201,232,2e-06
202,232,3e-06
203,232,5e-06
204,232,2e-06
205,232,2e-06
206,230,1e-06
207,232,3e-06
208,232,2e-06
209,232,4e-06
210,232,1e-06
211,232,1e-06
213,232,1e-06
214,232,2e-06
215,232,2e-06
216,232,1e-06
219,232,1e-06
221,232,2e-06
223,232,1e-06
225,232,1e-06
