Relationship,,2,2,16,16,32,32,64,64,113,113,128,128,177,177,209,209,225,225,241,241,1,1
K,,2,2,2,2,2,2,2,2,2,2,2,2,2,2,2,2,2,2,2,2,2,2
Cluster,,1,2,1,2,1,2,1,2,1,2,1,2,1,2,1,2,1,2,1,2,1,2
Position,Base,,,,,,,,,,,,,,,,,,,,,,
1,G,7.96E-06,7.96E-06,0.001154122,0.001154122,4.34E-05,4.34E-05,0,0,0,0,0.000115736,0.000115736,0.050112238,0.050112238,0,0,0,0,0,0,0.9485665,0.9485665
2,G,8.12E-08,8.12E-08,0.000943182,0.000943182,0.000283719,0.000283719,0,0,0,0,0.000564125,0.000564125,0.041477372,0.041477372,0,0,0,0,0,0,0.956731521,0.956731521
3,A,2.84E-07,2.84E-07,0,0,0.001688591,0.001688591,0.001350869,0.001350869,0,0,0.00228433,0.00228433,0,0,0,0,0.035373419,0.035373419,0,0,0.959302507,0.959302507
4,G,0.000473148,0.000473148,0.000606312,0.000606312,0.000444904,0.000444904,0,0,0,0,0.000189514,0.000189514,0.047313323,0.047313323,0,0,0,0,0,0,0.950972799,0.950972799
5,C,1.61E-05,1.61E-05,0.001426109,0.001426109,0,0,0.001765717,0.001765717,0,0,0.000860868,0.000860868,0,0,0.040538378,0.040538378,0,0,0,0,0.955392876,0.955392876
6,T,1.11E-22,1.11E-22,1.99E-05,1.99E-05,0.00015395,0.00015395,3.50E-05,3.50E-05,0.038252169,0.038252169,0,0,0,0,0,0,0,0,0,0,0.96153895,0.96153895
7,T,5.55E-06,5.55E-06,2.06E-05,2.06E-05,3.79E-06,3.79E-06,9.99E-06,9.99E-06,0.04294006,0.04294006,0,0,0,0,0,0,0,0,0,0,0.957020031,0.957020031
8,T,5.64E-15,5.64E-15,0.000479578,0.000479578,0.000581456,0.000581456,4.56E-06,4.56E-06,0.04071059,0.04071059,0,0,0,0,0,0,0,0,0,0,0.958223816,0.958223816
9,G,0.000491304,0.000491304,0.000441674,0.000441674,0.003234672,0.003234672,0,0,0,0,0.000598333,0.000598333,0.041097174,0.041097174,0,0,0,0,0,0,0.954136843,0.954136843
10,T,7.70E-05,7.70E-05,0.000122741,0.000122741,0.004673101,0.004673101,4.16E-05,4.16E-05,0.037191735,0.037191735,0,0,0,0,0,0,0,0,0,0,0.95789379,0.95789379
11,T,1.60E-27,1.60E-27,0.000124607,0.000124607,0.000256071,0.000256071,0.000602819,0.000602819,0.027909839,0.027909839,0,0,0,0,0,0,0,0,0,0,0.971106664,0.971106664
12,C,7.33E-06,7.33E-06,0.000461307,0.000461307,0,0,0.000300879,0.000300879,0,0,8.88E-05,8.88E-05,0,0,0.038219328,0.038219328,0,0,0,0,0.960922321,0.960922321
13,C,4.79E-08,4.79E-08,0.001943856,0.001943856,0,0,0.00014649,0.00014649,0,0,0.001851556,0.001851556,0,0,0.037131355,0.037131355,0,0,0,0,0.958926696,0.958926696
14,T,8.87E-13,8.87E-13,0.000651825,0.000651825,6.66E-06,6.66E-06,0.000267914,0.000267914,0.043209926,0.043209926,0,0,0,0,0,0,0,0,0,0,0.955863671,0.955863671
15,T,1.85E-11,1.85E-11,9.92E-07,9.92E-07,0.000365925,0.000365925,1.45E-05,1.45E-05,0.0439141,0.0439141,0,0,0,0,0,0,0,0,0,0,0.955704479,0.955704479
16,G,0.000135791,0.000135791,0.00089534,0.00089534,0.000101803,0.000101803,0,0,0,0,0.000220642,0.000220642,0.037595811,0.037595811,0,0,0,0,0,0,0.961050614,0.961050614
17,G,9.48E-06,9.48E-06,0.001256367,0.001256367,0.00010431,0.00010431,0,0,0,0,0.001312734,0.001312734,0.037101111,0.037101111,0,0,0,0,0,0,0.960216002,0.960216002
18,G,0.002880204,0.002880204,0.001142244,0.001142244,0.000770048,0.000770048,0,0,0,0,0.001552438,0.001552438,0.033773798,0.033773798,0,0,0,0,0,0,0.959881267,0.959881267
19,T,0.000268549,0.000268549,1.39E-06,1.39E-06,0.000130533,0.000130533,6.96E-05,6.96E-05,0.044069193,0.044069193,0,0,0,0,0,0,0,0,0,0,0.955460694,0.955460694
20,T,5.60E-05,5.60E-05,3.39E-06,3.39E-06,2.88E-05,2.88E-05,4.25E-06,4.25E-06,0.037778279,0.037778279,0,0,0,0,0,0,0,0,0,0,0.962129298,0.962129298
21,C,5.32E-14,5.32E-14,0.001372472,0.001372472,0,0,8.77E-05,8.77E-05,0,0,0.00098829,0.00098829,0,0,0.039234303,0.039234303,0,0,0,0,0.95831719,0.95831719
22,T,4.05E-14,4.05E-14,9.47E-05,9.47E-05,0.000148929,0.000148929,0.00221795,0.00221795,0.033440587,0.033440587,0,0,0,0,0,0,0,0,0,0,0.964097859,0.964097859
23,T,3.05E-15,3.05E-15,1.16E-05,1.16E-05,0.000171318,0.000171318,1.68E-05,1.68E-05,0.031976308,0.031976308,0,0,0,0,0,0,0,0,0,0,0.967824046,0.967824046
24,G,9.01E-09,9.01E-09,0.000163518,0.000163518,0.000856915,0.000856915,0,0,0,0,0.002468084,0.002468084,0.036287957,0.036287957,0,0,0,0,0,0,0.960223517,0.960223517
25,G,0.000102842,0.000102842,6.19E-05,6.19E-05,0.001718074,0.001718074,0,0,0,0,3.18E-05,3.18E-05,0.047949475,0.047949475,0,0,0,0,0,0,0.950135974,0.950135974
26,G,2.17E-16,2.17E-16,0.000112822,0.000112822,0.000573005,0.000573005,0,0,0,0,6.78E-14,6.78E-14,0.006759577,0.006759577,0,0,0,0,0,0,0.992554596,0.992554596
27,A,0.000765014,0.000765014,0,0,0.030224559,0.030224559,0.009767006,0.009767006,0,0,0.031852863,0.031852863,0,0,0,0,0.111511036,0.111511036,0,0,0.815879522,0.815879522
28,G,5.44E-05,5.44E-05,0.000400113,0.000400113,0.00075555,0.00075555,0,0,0,0,0.000524552,0.000524552,0.031338984,0.031338984,0,0,0,0,0,0,0.966926355,0.966926355
29,C,0.000200502,0.000200502,0.00012454,0.00012454,0,0,0.000723,0.000723,0,0,0.000139364,0.000139364,0,0,0.050968035,0.050968035,0,0,0,0,0.947844559,0.947844559
30,A,2.35E-08,2.35E-08,0,0,0.000670667,0.000670667,0.000367412,0.000367412,0,0,0.002736801,0.002736801,0,0,0,0,0.037587029,0.037587029,0,0,0.958638068,0.958638068
31,G,0.000316886,0.000316886,0.002502123,0.002502123,0.001120676,0.001120676,0,0,0,0,0.000223355,0.000223355,0.044803449,0.044803449,0,0,0,0,0,0,0.951033511,0.951033511
32,C,8.23E-05,8.23E-05,0.000354495,0.000354495,0,0,0.000352023,0.000352023,0,0,5.86E-05,5.86E-05,0,0,0.036842894,0.036842894,0,0,0,0,0.962309716,0.962309716
33,A,1.99E-07,1.99E-07,0,0,0.002403215,0.002403215,0.002476375,0.002476375,0,0,0.005043491,0.005043491,0,0,0,0,0.029528427,0.029528427,0,0,0.960548292,0.960548292
34,G,3.08E-08,3.08E-08,0.00226005,0.00226005,0.000682363,0.000682363,0,0,0,0,6.40E-05,6.40E-05,0.043547929,0.043547929,0,0,0,0,0,0,0.953445611,0.953445611
35,G,6.67E-10,6.67E-10,0.002707256,0.002707256,0.001825125,0.001825125,0,0,0,0,0.000865692,0.000865692,0.030424719,0.030424719,0,0,0,0,0,0,0.964177207,0.964177207
36,A,1.89E-05,1.89E-05,0,0,0.000242032,0.000242032,0.001794255,0.001794255,0,0,0.002290917,0.002290917,0,0,0,0,0.036480824,0.036480824,0,0,0.959173039,0.959173039
37,A,4.30E-06,4.30E-06,0,0,0.035632185,0.035632185,0.012654901,0.012654901,0,0,0.034824402,0.034824402,0,0,0,0,0.030715117,0.030715117,0,0,0.886169094,0.886169094
38,G,2.21E-05,2.21E-05,0.001076082,0.001076082,0.00076389,0.00076389,0,0,0,0,0.00021542,0.00021542,0.041642071,0.041642071,0,0,0,0,0,0,0.956280413,0.956280413
39,C,4.19E-05,4.19E-05,0.002657339,0.002657339,0,0,0.000221611,0.000221611,0,0,0.001308801,0.001308801,0,0,0.039171235,0.039171235,0,0,0,0,0.95659915,0.95659915
40,A,0.000114052,0.000114052,0,0,0.001913837,0.001913837,0.000191517,0.000191517,0,0,0.002007934,0.002007934,0,0,0,0,0.033585719,0.033585719,0,0,0.962186941,0.962186941
41,C,0.000550304,0.000550304,0.000242037,0.000242037,0,0,0.00222832,0.00222832,0,0,0.000280692,0.000280692,0,0,0.034930148,0.034930148,0,0,0,0,0.961768499,0.961768499
42,T,1.53E-10,1.53E-10,0.001027283,0.001027283,0.000102075,0.000102075,7.89E-06,7.89E-06,0.042385618,0.042385618,0,0,0,0,0,0,0,0,0,0,0.956477137,0.956477137
43,A,2.85E-06,2.85E-06,0,0,0.000604782,0.000604782,2.49E-05,2.49E-05,0,0,0.004776777,0.004776777,0,0,0,0,0.045577856,0.045577856,0,0,0.949012812,0.949012812
44,T,8.95E-12,8.95E-12,0.000187681,0.000187681,1.83E-05,1.83E-05,0.000100999,0.000100999,0.051033545,0.051033545,0,0,0,0,0,0,0,0,0,0,0.948659456,0.948659456
45,G,2.40E-05,2.40E-05,0.001253214,0.001253214,0.0025255,0.0025255,0,0,0,0,0.002950793,0.002950793,0.039089172,0.039089172,0,0,0,0,0,0,0.954157299,0.954157299
46,G,8.74E-187,8.74E-187,9.00E-06,9.00E-06,5.02E-17,5.02E-17,0,0,0,0,1.34E-06,1.34E-06,0.064016063,0.064016063,0,0,0,0,0,0,0.935973599,0.935973599
47,G,4.18E-126,4.18E-126,5.79E-05,5.79E-05,0.110005858,0.110005858,0,0,0,0,1.05E-15,1.05E-15,0.00827022,0.00827022,0,0,0,0,0,0,0.881666047,0.881666047
48,C,5.00E-08,5.00E-08,0.000683328,0.000683328,0,0,0.001535268,0.001535268,0,0,1.07E-05,1.07E-05,0,0,0.05065897,0.05065897,0,0,0,0,0.947111702,0.947111702
49,G,1.63E-05,1.63E-05,3.63E-05,3.63E-05,0.000683444,0.000683444,0,0,0,0,0.001110219,0.001110219,0.035169325,0.035169325,0,0,0,0,0,0,0.962984348,0.962984348
50,C,1.84E-10,1.84E-10,0.00291605,0.00291605,0,0,0.0009421,0.0009421,0,0,0.000324124,0.000324124,0,0,0.043815903,0.043815903,0,0,0,0,0.952001823,0.952001823
51,A,5.40E-05,5.40E-05,0,0,0.001370022,0.001370022,0.001429636,0.001429636,0,0,0.004156476,0.004156476,0,0,0,0,0.030972238,0.030972238,0,0,0.96201764,0.96201764
52,G,0.000115031,0.000115031,0.00109047,0.00109047,0.00153838,0.00153838,0,0,0,0,0.000506606,0.000506606,0.036963435,0.036963435,0,0,0,0,0,0,0.959786077,0.959786077
53,C,1.37E-05,1.37E-05,7.23E-05,7.23E-05,0,0,0.000138178,0.000138178,0,0,0.002583206,0.002583206,0,0,0.04786958,0.04786958,0,0,0,0,0.949322976,0.949322976
54,G,2.60E-08,2.60E-08,0.002146653,0.002146653,8.00E-05,8.00E-05,0,0,0,0,0.000673401,0.000673401,0.038788278,0.038788278,0,0,0,0,0,0,0.958311636,0.958311636
55,T,1.21E-06,1.21E-06,6.20E-06,6.20E-06,0.00022808,0.00022808,5.70E-06,5.70E-06,0.036988424,0.036988424,0,0,0,0,0,0,0,0,0,0,0.96277038,0.96277038
56,C,2.34E-08,2.34E-08,0.000448765,0.000448765,0,0,0.001167666,0.001167666,0,0,0.000288279,0.000288279,0,0,0.049803581,0.049803581,0,0,0,0,0.948291686,0.948291686
57,A,4.88E-08,4.88E-08,0,0,0.065624596,0.065624596,0.02676984,0.02676984,0,0,0.023171993,0.023171993,0,0,0,0,0.014027997,0.014027997,0,0,0.870405524,0.870405524
58,A,0.000285796,0.000285796,0,0,0.010909069,0.010909069,0.022217642,0.022217642,0,0,0.039186881,0.039186881,0,0,0,0,0.061075949,0.061075949,0,0,0.866324663,0.866324663
59,T,1.38E-208,1.38E-208,9.11E-12,9.11E-12,2.45E-43,2.45E-43,5.54E-06,5.54E-06,0.012926833,0.012926833,0,0,0,0,0,0,0,0,0,0,0.987067632,0.987067632
60,G,9.80E-10,9.80E-10,0.001659022,0.001659022,5.38E-05,5.38E-05,0,0,0,0,0.000357222,0.000357222,0.038368829,0.038368829,0,0,0,0,0,0,0.959561158,0.959561158
61,A,0.000279804,0.000279804,0,0,0.001199255,0.001199255,0.001757301,0.001757301,0,0,0.002048526,0.002048526,0,0,0,0,0.034019956,0.034019956,0,0,0.960695158,0.960695158
62,C,5.70E-12,5.70E-12,0.000705249,0.000705249,0,0,5.41E-05,5.41E-05,0,0,0.002181241,0.002181241,0,0,0.047412602,0.047412602,0,0,0,0,0.949646852,0.949646852
63,G,1.69E-08,1.69E-08,0.000246411,0.000246411,8.63E-05,8.63E-05,0,0,0,0,0.000421955,0.000421955,0.041073222,0.041073222,0,0,0,0,0,0,0.958172141,0.958172141
64,C,4.20E-08,4.20E-08,0.000166949,0.000166949,0,0,0.000336628,0.000336628,0,0,0.000132646,0.000132646,0,0,0.044858365,0.044858365,0,0,0,0,0.954505371,0.954505371
65,T,5.75E-22,5.75E-22,1.70E-07,1.70E-07,2.84E-05,2.84E-05,0.000362513,0.000362513,0.040044294,0.040044294,0,0,0,0,0,0,0,0,0,0,0.959564573,0.959564573
66,G,0.000197198,0.000197198,6.82E-06,6.82E-06,0.00010266,0.00010266,0,0,0,0,0.000348199,0.000348199,0.024328212,0.024328212,0,0,0,0,0,0,0.975016911,0.975016911
67,A,8.28E-07,8.28E-07,0,0,0.000839829,0.000839829,0.00112345,0.00112345,0,0,0.04871074,0.04871074,0,0,0,0,0.040760862,0.040760862,0,0,0.908564292,0.908564292
68,C,3.87E-06,3.87E-06,0.000794504,0.000794504,0,0,0.000500747,0.000500747,0,0,0.000266557,0.000266557,0,0,0.03573571,0.03573571,0,0,0,0,0.962698616,0.962698616
69,G,0.00164962,0.00164962,0.000815727,0.000815727,0.000331987,0.000331987,0,0,0,0,0.002057448,0.002057448,0.043256656,0.043256656,0,0,0,0,0,0,0.951888562,0.951888562
70,G,1.40E-57,1.40E-57,5.60E-12,5.60E-12,8.70E-07,8.70E-07,0,0,0,0,0.012656416,0.012656416,0.010929224,0.010929224,0,0,0,0,0,0,0.97641349,0.97641349
71,T,8.44E-122,8.44E-122,6.42E-30,6.42E-30,6.81E-27,6.81E-27,4.04E-53,4.04E-53,0.04699336,0.04699336,0,0,0,0,0,0,0,0,0,0,0.95300664,0.95300664
72,A,1.68E-05,1.68E-05,0,0,0.02390971,0.02390971,0.025760787,0.025760787,0,0,0.007168709,0.007168709,0,0,0,0,0.041075482,0.041075482,0,0,0.902068513,0.902068513
73,C,7.73E-13,7.73E-13,0.026541169,0.026541169,0,0,0.011148921,0.011148921,0,0,0.007008671,0.007008671,0,0,0.012928337,0.012928337,0,0,0,0,0.942372903,0.942372903
74,A,0.004688007,0.004688007,0,0,0.104596793,0.104596793,0.001716443,0.001716443,0,0,0.006368399,0.006368399,0,0,0,0,0.001091003,0.001091003,0,0,0.881539354,0.881539354
75,G,9.00E-48,9.00E-48,4.46E-06,4.46E-06,2.28E-33,2.28E-33,0,0,0,0,3.12E-25,3.12E-25,0.016267053,0.016267053,0,0,0,0,0,0,0.983728486,0.983728486
76,G,4.16E-42,4.16E-42,4.53E-06,4.53E-06,8.75E-25,8.75E-25,0,0,0,0,1.58E-11,1.58E-11,0.007826366,0.007826366,0,0,0,0,0,0,0.992169104,0.992169104
77,C,1.78E-06,1.78E-06,0.012825765,0.012825765,0,0,0.022812633,0.022812633,0,0,0.030359259,0.030359259,0,0,0.032932163,0.032932163,0,0,0,0,0.901068405,0.901068405
78,C,1.61E-05,1.61E-05,0.000158285,0.000158285,0,0,0.000887345,0.000887345,0,0,0.001188084,0.001188084,0,0,0.040488907,0.040488907,0,0,0,0,0.957261241,0.957261241
79,A,0.000208618,0.000208618,0,0,0.000568409,0.000568409,0.000296096,0.000296096,0,0,0.001849857,0.001849857,0,0,0,0,0.04287242,0.04287242,0,0,0.954204599,0.954204599
80,G,6.12E-07,6.12E-07,0.000914873,0.000914873,0.003721661,0.003721661,0,0,0,0,0.000766479,0.000766479,0.035050395,0.035050395,0,0,0,0,0,0,0.959545981,0.959545981
81,A,2.09E-09,2.09E-09,0,0,0.000507694,0.000507694,0.001164301,0.001164301,0,0,0.003721259,0.003721259,0,0,0,0,0.040537095,0.040537095,0,0,0.954069649,0.954069649
82,C,8.02E-06,8.02E-06,0.001194755,0.001194755,0,0,0.000662827,0.000662827,0,0,9.67E-05,9.67E-05,0,0,0.037083975,0.037083975,0,0,0,0,0.960953712,0.960953712
83,A,9.84E-05,9.84E-05,0,0,0.003820544,0.003820544,0.000795805,0.000795805,0,0,0.002366196,0.002366196,0,0,0,0,0.034561653,0.034561653,0,0,0.958357415,0.958357415
84,A,5.76E-08,5.76E-08,0,0,0.000388638,0.000388638,0.000790181,0.000790181,0,0,0.003199227,0.003199227,0,0,0,0,0.043826965,0.043826965,0,0,0.951794932,0.951794932
85,T,2.71E-94,2.71E-94,2.92E-20,2.92E-20,1.68E-16,1.68E-16,1.14E-23,1.14E-23,0.039362188,0.039362188,0,0,0,0,0,0,0,0,0,0,0.960637812,0.960637812
86,T,4.13E-52,4.13E-52,3.93E-09,3.93E-09,1.74E-11,1.74E-11,2.14E-75,2.14E-75,0.040463571,0.040463571,0,0,0,0,0,0,0,0,0,0,0.959536425,0.959536425
87,A,0.000129932,0.000129932,0,0,0.013967017,0.013967017,0.078399032,0.078399032,0,0,0.01195144,0.01195144,0,0,0,0,0.035717748,0.035717748,0,0,0.85983483,0.85983483
88,T,5.40E-26,5.40E-26,2.05E-07,2.05E-07,0.001520303,0.001520303,1.16E-05,1.16E-05,0.029922309,0.029922309,0,0,0,0,0,0,0,0,0,0,0.968545541,0.968545541
89,T,1.38E-05,1.38E-05,8.48E-06,8.48E-06,4.70E-07,4.70E-07,4.50E-05,4.50E-05,0.043837197,0.043837197,0,0,0,0,0,0,0,0,0,0,0.956095012,0.956095012
90,G,3.74E-06,3.74E-06,0.000250482,0.000250482,0.002853847,0.002853847,0,0,0,0,0.001904603,0.001904603,0.052451103,0.052451103,0,0,0,0,0,0,0.942536221,0.942536221
91,T,1.02E-05,1.02E-05,0.000380843,0.000380843,0.000164025,0.000164025,0.000103356,0.000103356,0.032294104,0.032294104,0,0,0,0,0,0,0,0,0,0,0.96704746,0.96704746
92,C,0.00012049,0.00012049,0.001699412,0.001699412,0,0,0.000502676,0.000502676,0,0,0.000187933,0.000187933,0,0,0.033694444,0.033694444,0,0,0,0,0.963795046,0.963795046
93,T,2.05E-20,2.05E-20,0.000719613,0.000719613,0.000189721,0.000189721,4.49E-05,4.49E-05,0.027468307,0.027468307,0,0,0,0,0,0,0,0,0,0,0.971577469,0.971577469
94,G,0.000146583,0.000146583,0.001714983,0.001714983,0.001440984,0.001440984,0,0,0,0,6.92E-05,6.92E-05,0.045399037,0.045399037,0,0,0,0,0,0,0.951229235,0.951229235
95,A,1.46E-06,1.46E-06,0,0,0.02612296,0.02612296,0.005277432,0.005277432,0,0,0.093719186,0.093719186,0,0,0,0,0.09516689,0.09516689,0,0,0.77971207,0.77971207
96,T,7.76E-07,7.76E-07,0.001707653,0.001707653,0.000190915,0.000190915,3.04E-07,3.04E-07,0.039025635,0.039025635,0,0,0,0,0,0,0,0,0,0,0.959074717,0.959074717
97,A,1.54E-05,1.54E-05,0,0,0.001778165,0.001778165,0.0010014,0.0010014,0,0,0.001709988,0.001709988,0,0,0,0,0.052810974,0.052810974,0,0,0.942684068,0.942684068
98,T,3.15E-36,3.15E-36,3.76E-06,3.76E-06,3.54E-05,3.54E-05,0.000147474,0.000147474,0.04351169,0.04351169,0,0,0,0,0,0,0,0,0,0,0.95630172,0.95630172
99,A,5.90E-06,5.90E-06,0,0,0.001119792,0.001119792,6.07E-05,6.07E-05,0,0,0.006171574,0.006171574,0,0,0,0,0.036669806,0.036669806,0,0,0.955972235,0.955972235
100,G,8.46E-07,8.46E-07,0.000787974,0.000787974,0.000605803,0.000605803,0,0,0,0,0.001696886,0.001696886,0.039156756,0.039156756,0,0,0,0,0,0,0.957751736,0.957751736
101,T,1.05E-13,1.05E-13,0.000594,0.000594,0.003080978,0.003080978,5.80E-05,5.80E-05,0.043417456,0.043417456,0,0,0,0,0,0,0,0,0,0,0.952849519,0.952849519
102,G,4.03E-05,4.03E-05,4.33E-06,4.33E-06,0.001715264,0.001715264,0,0,0,0,0.000159306,0.000159306,0.035960016,0.035960016,0,0,0,0,0,0,0.962120775,0.962120775
103,C,7.19E-11,7.19E-11,0.001373829,0.001373829,0,0,0.000376878,0.000376878,0,0,0.001501014,0.001501014,0,0,0.044826987,0.044826987,0,0,0,0,0.951921291,0.951921291
104,A,1.25E-07,1.25E-07,0,0,0.024391085,0.024391085,0.009327493,0.009327493,0,0,0.122934027,0.122934027,0,0,0,0,0.005484648,0.005484648,0,0,0.837862622,0.837862622
105,G,8.82E-29,3.72E-06,1.38E-09,0.001876503,0.003860466,0.000823965,0,0,0,0,1.71E-20,0.000769276,0.047586941,0.033193037,0,0,0,0,0,0,0.948552591,0.963333503
106,C,2.20E-15,0.00072079,0.000338806,0.00092906,0,0,0.000549586,0.000953575,0,0,0.000403928,0.000523042,0,0,0.04488183,0.037253378,0,0,0,0,0.95382585,0.959620155
107,A,2.59E-07,5.09E-07,0,0,0.002543558,0.000402099,0.0006172,0.000552937,0,0,0.000558102,0.001528939,0,0,0,0,0.04006378,0.039147563,0,0,0.956217102,0.958367953
108,G,0.001417548,2.98E-11,0.002531937,0.000168333,0.001564343,3.29E-06,0,0,0,0,8.64E-05,0.000825036,0.043158829,0.037172428,0,0,0,0,0,0,0.951240977,0.961830912
109,C,2.31E-08,9.37E-05,0.000836481,0.000484343,0,0,0.000457583,0.000134174,0,0,0.001203546,0.000161512,0,0,0.040936027,0.038729964,0,0,0,0,0.95656634,0.960396266
110,A,0.000654416,1.26E-07,0,0,0.002141495,0.000912974,0.000511877,1.03E-05,0,0,0.00190292,0.004460137,0,0,0,0,0.045562042,0.044009442,0,0,0.949227249,0.950607055
111,G,9.36E-10,6.82E-07,0.003229434,0.000303555,4.91E-05,0.00011267,0,0,0,0,0.000602451,0.000748022,0.038179269,0.041525867,0,0,0,0,0,0,0.957939726,0.957309204
112,A,9.74E-07,3.25E-06,0,0,0.003728349,0.002426764,0.00033035,0.000451739,0,0,0.000153867,0.002557768,0,0,0,0,0.042340511,0.041028023,0,0,0.953445949,0.953532457
113,A,0.000261855,0.009432083,0,0,0.058803068,0.030434303,0.023056256,0.005850557,0,0,0.005058384,0.041466795,0,0,0,0,0.018475488,0.018450096,0,0,0.894344948,0.894366166
114,C,1.79E-11,1.32E-05,0.036330579,0.0701393,0,0,0.01845551,0.044283581,0,0,0.004947369,0.008363878,0,0,0.048388037,0.003328866,0,0,0,0,0.891878505,0.873871126
115,A,0.017324236,1.72E-09,0,0,0.005372176,0.005175471,0.012087685,0.0100146,0,0,0.063517469,0.051667643,0,0,0,0,0.02805784,0.031232726,0,0,0.873640594,0.901909558
116,A,0.001984407,0.000506375,0,0,0.020558725,0.002862709,0.013393024,0.00412941,0,0,0.001857727,0.056135823,0,0,0,0,0.063117599,0.049214166,0,0,0.899088517,0.887151517
117,T,1.50E-10,4.07E-44,2.12E-05,4.11E-54,4.49E-08,7.08E-41,0.000325577,6.66E-14,0.036697833,0.097169275,0,0,0,0,0,0,0,0,0,0,0.962955346,0.902830725
118,T,7.00E-12,7.60E-290,5.14E-06,6.53E-17,0.000670214,1.01E-41,1.53E-06,2.53E-29,0.03452183,0.02053065,0,0,0,0,0,0,0,0,0,0,0.964801282,0.97946935
119,T,8.96E-46,1.91E-10,0.000173839,9.62E-06,0.000437406,0.001999167,7.38E-09,6.44E-06,0.041886215,0.042184731,0,0,0,0,0,0,0,0,0,0,0.957502532,0.955800042
120,G,1.84E-27,6.44E-07,0.000285546,0.001567034,0.000659299,0.001484762,0,0,0,0,0.000334103,2.08E-05,0.04183342,0.033839389,0,0,0,0,0,0,0.956887632,0.96308734
121,C,1.30E-06,2.97E-06,0.000603909,0.002422438,0,0,0.000714267,0.000112292,0,0,1.55E-05,0.003621701,0,0,0.059763279,0.031055259,0,0,0,0,0.938901742,0.962785343
122,T,2.48E-48,8.57E-05,0.001109334,5.52E-05,0.000534287,4.27E-06,0.000558669,0.000435422,0.040678922,0.038273144,0,0,0,0,0,0,0,0,0,0,0.957118788,0.961146218
123,G,1.81E-07,0.000256791,0.002461197,0.000330122,1.39E-05,0.00055762,0,0,0,0,0.000725655,0.000166382,0.054645142,0.036140944,0,0,0,0,0,0,0.942153972,0.96254814
124,A,3.40E-08,1.37E-06,0,0,0.00015266,0.032462222,0.014797454,0.006576681,0,0,0.018218815,0.044256966,0,0,0,0,0.027244101,0.023787649,0,0,0.939586936,0.892915115
125,G,2.35E-137,1.27E-94,0.001079437,3.07E-28,0.001731123,4.98E-16,0,0,0,0,4.32E-07,1.72E-20,0.023324424,0.023556424,0,0,0,0,0,0,0.973864585,0.976443576
126,G,1.49E-18,6.68E-66,1.82E-19,6.10E-12,2.63E-12,5.44E-17,0,0,0,0,0.001550915,1.27E-73,0.029183676,0.035297587,0,0,0,0,0,0,0.969265409,0.964702413
127,G,4.29E-28,8.76E-27,0.003513273,0.001394924,1.56E-11,0.002710222,0,0,0,0,1.37E-07,0.000303859,0.108913758,0.03857165,0,0,0,0,0,0,0.887572832,0.957019345
128,C,0.005012503,0.000303874,0.007371975,0.000616962,0,0,0.014654461,0.000817959,0,0,0.030608215,0.000583101,0,0,0.033037505,0.034211796,0,0,0,0,0.909315341,0.963466308
129,T,3.42E-10,1.68E-37,4.07E-18,1.42E-05,3.93E-10,9.69E-06,2.60E-20,0.000787591,0.015451829,0.04567591,0,0,0,0,0,0,0,0,0,0,0.98454817,0.95351261
130,A,0.036896543,8.23E-12,0,0,0.023528024,0.062321329,0.001332003,0.000358475,0,0,0.053814868,0.036793731,0,0,0,0,0.026718655,0.050310558,0,0,0.857709906,0.850215907
131,T,2.64E-160,8.13E-80,6.27E-57,7.73E-129,2.63E-10,2.81E-21,2.39E-21,1.64E-10,0.012723234,0.022694418,0,0,0,0,0,0,0,0,0,0,0.987276765,0.977305582
132,T,1.06E-12,0,6.82E-07,1.59E-17,8.73E-08,5.62E-25,0.000195884,2.18E-18,0.036150668,0.064444553,0,0,0,0,0,0,0,0,0,0,0.963652679,0.935555447
133,G,0.000100989,1.42E-191,0.00093295,3.99E-35,0.002324009,1.23E-07,0,0,0,0,0.0009053,1.59E-05,0.04128496,0.006358158,0,0,0,0,0,0,0.954451791,0.993625799
134,A,0.000510089,5.80E-05,0,0,0.000273499,0.01093577,0.000218296,7.16E-05,0,0,0.001325321,0.044326752,0,0,0,0,0.024396178,0.030951589,0,0,0.973276617,0.913656302
135,G,4.06E-07,0.002908415,0.000495712,3.99E-05,0.001539308,0.000149959,0,0,0,0,4.15E-05,0.000133332,0.036673913,0.045054396,0,0,0,0,0,0,0.961249198,0.95171404
136,G,6.54E-146,1.56E-05,1.96E-07,2.27E-05,3.06E-14,0.000309486,0,0,0,0,4.63E-32,0.000241806,0.03541286,0.045261604,0,0,0,0,0,0,0.964586944,0.954148806
137,C,0.000873544,7.75E-11,0.037495429,0.000862089,0,0,0.029681168,0.000334966,0,0,0.003961932,0.000105604,0,0,0.071788082,0.04331932,0,0,0,0,0.856199845,0.95537802
138,G,8.45E-12,1.32E-44,0.000489366,0.019282332,0.002137727,2.96E-10,0,0,0,0,0.002995972,3.95E-06,0.039166668,0.104367927,0,0,0,0,0,0,0.955210266,0.876345789
139,C,1.17E-14,1.03E-12,0.000610995,0.054821853,0,0,0.000753786,0.004053689,0,0,0.000217934,0.034805227,0,0,0.0337485,0.082834993,0,0,0,0,0.964668786,0.823484237
140,A,5.83E-10,0.015049865,0,0,0.001614068,0.000317672,3.43E-05,0.000553104,0,0,0.000674988,0.030774683,0,0,0,0,0.029642338,0.06045569,0,0,0.968034337,0.892848986
141,A,0.000439524,0.000777236,0,0,0.001461648,0.004763539,0.001237433,0.00120102,0,0,0.004499416,0.103798558,0,0,0,0,0.025820793,0.084629798,0,0,0.966541185,0.804829849
142,C,2.29E-12,0.001878541,0.001589072,0.00015287,0,0,0.000430655,0.001850154,0,0,0.000104136,0.000279479,0,0,0.04401948,0.033022968,0,0,0,0,0.953856657,0.962815988
143,A,9.73E-05,0.000666128,0,0,0.001846014,0.003377016,0.000780329,0.000838441,0,0,0.001135686,0.00280129,0,0,0,0,0.048546836,0.041610319,0,0,0.947593861,0.950706806
144,G,0.000241601,8.76E-06,0.000543571,2.41E-05,0.000106288,0.001150114,0,0,0,0,0.000412927,7.31E-05,0.039212424,0.039982483,0,0,0,0,0,0,0.959483189,0.958761441
145,C,0.000206285,0.001047796,0.048074645,0.000619192,0,0,0.029174147,0.000360605,0,0,0.038253873,0.000595485,0,0,0.048451879,0.04405626,0,0,0,0,0.835839171,0.953320662
146,A,1.03E-05,7.40E-09,0,0,0.014772251,0.000705494,0.003188419,0.000924132,0,0,0.032958712,0.001928607,0,0,0,0,0.011435116,0.040429317,0,0,0.937635159,0.956012443
147,T,1.31E-67,1.77E-22,1.82E-05,7.26E-11,2.03E-40,0.000416368,3.48E-37,2.74E-05,0.053916675,0.056025433,0,0,0,0,0,0,0,0,0,0,0.946065108,0.943530826
148,C,1.06E-09,0.000637288,0.000860091,0.001308716,0,0,0.002318161,9.25E-05,0,0,0.000519187,0.000507948,0,0,0.031607568,0.052457292,0,0,0,0,0.964694992,0.944996238
149,T,3.84E-13,1.26E-16,1.89E-05,4.66E-05,0.000211294,4.81E-05,7.84E-05,0.000470597,0.030132589,0.042030168,0,0,0,0,0,0,0,0,0,0,0.969558845,0.957404454
150,G,2.55E-09,1.05E-06,0.000629677,0.000265026,0.000248726,9.52E-05,0,0,0,0,0.000663501,0.001433318,0.044005133,0.032130673,0,0,0,0,0,0,0.95445296,0.966074714
151,T,2.52E-12,7.00E-14,5.47E-05,9.09E-06,2.28E-07,5.88E-05,8.45E-05,1.07E-06,0.029537466,0.053511545,0,0,0,0,0,0,0,0,0,0,0.970323048,0.946419442
152,T,8.48E-11,7.14E-14,1.39E-05,0.000270038,1.56E-06,0.002179029,1.61E-05,0.000648089,0.033881305,0.037549814,0,0,0,0,0,0,0,0,0,0,0.966087185,0.959353029
153,G,3.01E-06,1.67E-10,0.00022742,0.001407538,5.59E-05,0.000469842,0,0,0,0,0.000654752,0.000554244,0.041364715,0.042355796,0,0,0,0,0,0,0.957694253,0.95521258
154,C,0.000251557,3.31E-06,0.00079244,0.0012048,0,0,0.005183685,0.000622285,0,0,5.21E-05,0.000113454,0,0,0.035705338,0.03676799,0,0,0,0,0.958014846,0.961288159
155,A,0.001791259,1.44E-07,0,0,0.036919456,0.028500624,0.012316742,0.007885876,0,0,0.010794594,0.110625768,0,0,0,0,0.167162029,0.02628319,0,0,0.771015922,0.826704397
156,A,0.001450653,3.39E-08,0,0,0.040372139,0.046708815,0.022044415,0.003764714,0,0,0.017283848,0.047221935,0,0,0,0,0.09039985,0.013202982,0,0,0.828449095,0.88910152
157,C,0.000447629,0.016222375,0.000174615,0.006627536,0,0,8.29E-05,0.039065935,0,0,0.001169828,0.017986315,0,0,0.039593683,0.018160859,0,0,0,0,0.958531336,0.901936979
158,T,6.98E-05,3.98E-245,0.000414559,1.31E-46,2.17E-07,3.02E-36,6.50E-05,3.22E-38,0.04877081,0.012917571,0,0,0,0,0,0,0,0,0,0,0.950679602,0.987082429
159,C,6.70E-05,0.002275099,0.000570245,0.013066471,0,0,0.001058559,0.016141927,0,0,0.000424781,0.025619872,0,0,0.042421258,0.01255223,0,0,0,0,0.955458136,0.930344402
160,A,3.21E-05,2.49E-05,0,0,0.001341768,0.039521736,0.000108582,0.003351038,0,0,0.001811474,0.007609269,0,0,0,0,0.041295229,0.024521301,0,0,0.955410837,0.924971707
161,C,5.53E-08,5.53E-08,0.004314996,0.004314996,0,0,0.007288599,0.007288599,0,0,0.011791257,0.011791257,0,0,0.020554746,0.020554746,0,0,0,0,0.956050347,0.956050347
162,A,0.002042908,0.002042908,0,0,0.023347798,0.023347798,2.38E-05,2.38E-05,0,0,0.0082296,0.0082296,0,0,0,0,0.017420804,0.017420804,0,0,0.948935074,0.948935074
163,G,0.000584902,0.000584902,0.001040267,0.001040267,0.000385342,0.000385342,0,0,0,0,0.000847915,0.000847915,0.034598757,0.034598757,0,0,0,0,0,0,0.962542817,0.962542817
164,T,8.58E-10,8.58E-10,8.76E-05,8.76E-05,2.09E-05,2.09E-05,0.000289112,0.000289112,0.0369162,0.0369162,0,0,0,0,0,0,0,0,0,0,0.962686139,0.962686139
165,C,8.96E-05,8.96E-05,0.002344008,0.002344008,0,0,0.001118795,0.001118795,0,0,2.97E-05,2.97E-05,0,0,0.049714769,0.049714769,0,0,0,0,0.946703104,0.946703104
166,T,5.98E-28,5.98E-28,0.000200714,0.000200714,0.000143035,0.000143035,1.64E-05,1.64E-05,0.038516398,0.038516398,0,0,0,0,0,0,0,0,0,0,0.961123406,0.961123406
167,G,4.80E-10,4.80E-10,0.000624432,0.000624432,0.001697234,0.001697234,0,0,0,0,0.000352075,0.000352075,0.037387735,0.037387735,0,0,0,0,0,0,0.959938524,0.959938524
168,G,2.18E-10,2.18E-10,0.000590603,0.000590603,0.001072493,0.001072493,0,0,0,0,0.001095489,0.001095489,0.039265483,0.039265483,0,0,0,0,0,0,0.957975932,0.957975932
169,G,1.47E-06,1.47E-06,0.000597495,0.000597495,0.001418964,0.001418964,0,0,0,0,0.001086036,0.001086036,0.029665945,0.029665945,0,0,0,0,0,0,0.967230091,0.967230091
170,G,0.000412869,0.000412869,0.00041614,0.00041614,0.003080795,0.003080795,0,0,0,0,0.00026352,0.00026352,0.03145427,0.03145427,0,0,0,0,0,0,0.964372407,0.964372407
171,C,2.56E-06,2.56E-06,0.001713618,0.001713618,0,0,0.000387271,0.000387271,0,0,0.000163299,0.000163299,0,0,0.035885473,0.035885473,0,0,0,0,0.961847781,0.961847781
172,A,0.001714533,0.001714533,0,0,0.000917989,0.000917989,0.006065784,0.006065784,0,0,0.022717227,0.022717227,0,0,0,0,0.075907731,0.075907731,0,0,0.892676736,0.892676736
173,T,7.11E-149,7.11E-149,1.66E-121,1.66E-121,6.00E-90,6.00E-90,2.78E-63,2.78E-63,0.005799087,0.005799087,0,0,0,0,0,0,0,0,0,0,0.994200913,0.994200913
174,C,0.000460962,0.000460962,0.007836977,0.007836977,0,0,0.013885035,0.013885035,0,0,0.018212381,0.018212381,0,0,0.006926277,0.006926277,0,0,0,0,0.952678368,0.952678368
175,A,5.07E-15,5.07E-15,0,0,0.00273028,0.00273028,0.008127355,0.008127355,0,0,0.031794523,0.031794523,0,0,0,0,0.044644175,0.044644175,0,0,0.912703667,0.912703667
176,A,0.022226515,0.022226515,0,0,0.005312861,0.005312861,0.448845145,0.448845145,0,0,0.003847244,0.003847244,0,0,0,0,0.034550473,0.034550473,0,0,0.485217762,0.485217762
177,A,0.011851242,0.011851242,0,0,0.019740005,0.019740005,7.27E-05,7.27E-05,0,0,0.027513644,0.027513644,0,0,0,0,0.059873233,0.059873233,0,0,0.880949171,0.880949171
178,C,3.39E-08,3.39E-08,0.025574534,0.025574534,0,0,0.027678999,0.027678999,0,0,0.052811214,0.052811214,0,0,0.012798275,0.012798275,0,0,0,0,0.881136943,0.881136943
179,A,5.47E-06,5.47E-06,0,0,0.011046831,0.011046831,9.42E-05,9.42E-05,0,0,0.061482029,0.061482029,0,0,0,0,0.037961429,0.037961429,0,0,0.889410029,0.889410029
180,G,0.000222072,0.000222072,0.000302303,0.000302303,0.000499634,0.000499634,0,0,0,0,0.000449743,0.000449743,0.028573083,0.028573083,0,0,0,0,0,0,0.969953165,0.969953165
181,C,2.38E-05,2.38E-05,3.03E-05,3.03E-05,0,0,0.000237767,0.000237767,0,0,8.49E-05,8.49E-05,0,0,0.03603995,0.03603995,0,0,0,0,0.963583263,0.963583263
182,T,1.55E-06,1.55E-06,0.000194054,0.000194054,0.000246806,0.000246806,7.00E-05,7.00E-05,0.035923361,0.035923361,0,0,0,0,0,0,0,0,0,0,0.963564239,0.963564239
183,C,7.76E-09,7.76E-09,0.000124751,0.000124751,0,0,0.000493375,0.000493375,0,0,0.002736565,0.002736565,0,0,0.055775926,0.055775926,0,0,0,0,0.940869375,0.940869375
184,C,1.91E-21,1.91E-21,7.54E-05,7.54E-05,0,0,8.79E-05,8.79E-05,0,0,0.000287749,0.000287749,0,0,0.042877912,0.042877912,0,0,0,0,0.956671012,0.956671012
185,A,0.000698904,0.000698904,0,0,0.001654138,0.001654138,0.000517201,0.000517201,0,0,0.002793489,0.002793489,0,0,0,0,0.039219417,0.039219417,0,0,0.95511685,0.95511685
186,G,0.000542266,0.000542266,0.000274384,0.000274384,0.00224387,0.00224387,0,0,0,0,0.00098244,0.00098244,0.048983928,0.048983928,0,0,0,0,0,0,0.946973112,0.946973112
187,G,2.80E-06,2.80E-06,0.000163941,0.000163941,0.00122553,0.00122553,0,0,0,0,0.001075166,0.001075166,0.035482935,0.035482935,0,0,0,0,0,0,0.962049625,0.962049625
188,C,1.21E-06,1.21E-06,3.68E-05,3.68E-05,0,0,1.35E-05,1.35E-05,0,0,0.000733643,0.000733643,0,0,0.041064198,0.041064198,0,0,0,0,0.958150599,0.958150599
189,A,0.002238589,0.002238589,0,0,0.003099467,0.003099467,0.000345702,0.000345702,0,0,0.022525263,0.022525263,0,0,0,0,0.018106434,0.018106434,0,0,0.953684546,0.953684546
190,A,5.98E-06,5.98E-06,0,0,0.006108334,0.006108334,0.000564967,0.000564967,0,0,0.009087557,0.009087557,0,0,0,0,0.041227005,0.041227005,0,0,0.94300616,0.94300616
191,G,9.69E-113,9.69E-113,0.000274409,0.000274409,0.038733798,0.038733798,0,0,0,0,0.001441102,0.001441102,0.00881093,0.00881093,0,0,0,0,0,0,0.950739762,0.950739762
192,A,4.66E-06,4.66E-06,0,0,0.006883776,0.006883776,0.009211234,0.009211234,0,0,0.043045243,0.043045243,0,0,0,0,0.009042671,0.009042671,0,0,0.931812419,0.931812419
193,A,2.03E-06,2.03E-06,0,0,0.022392639,0.022392639,0.000341215,0.000341215,0,0,0.041902588,0.041902588,0,0,0,0,0.014018677,0.014018677,0,0,0.921342853,0.921342853
194,T,1.59E-10,1.59E-10,5.97E-05,5.97E-05,0.000242136,0.000242136,3.09E-05,3.09E-05,0.043398633,0.043398633,0,0,0,0,0,0,0,0,0,0,0.956268609,0.956268609
195,C,5.72E-07,5.72E-07,6.77E-05,6.77E-05,0,0,0.001337911,0.001337911,0,0,0.00020102,0.00020102,0,0,0.043369858,0.043369858,0,0,0,0,0.955022896,0.955022896
196,C,6.24E-07,6.24E-07,0.001541248,0.001541248,0,0,0.002054898,0.002054898,0,0,0.000665925,0.000665925,0,0,0.035402435,0.035402435,0,0,0,0,0.960334869,0.960334869
197,T,1.88E-25,1.88E-25,0.001135765,0.001135765,1.55E-05,1.55E-05,1.34E-05,1.34E-05,0.037966443,0.037966443,0,0,0,0,0,0,0,0,0,0,0.960868847,0.960868847
198,G,2.29E-86,2.29E-86,1.62E-13,1.62E-13,1.36E-06,1.36E-06,0,0,0,0,3.02E-20,3.02E-20,0.040994281,0.040994281,0,0,0,0,0,0,0.959004358,0.959004358
199,G,6.38E-16,6.38E-16,0.000284977,0.000284977,0.002500348,0.002500348,0,0,0,0,0.000451863,0.000451863,0.033763528,0.033763528,0,0,0,0,0,0,0.962999285,0.962999285
200,C,3.05E-15,3.05E-15,5.95E-05,5.95E-05,0,0,0.000835343,0.000835343,0,0,0.000650657,0.000650657,0,0,0.039745963,0.039745963,0,0,0,0,0.958708513,0.958708513
201,T,3.36E-12,3.36E-12,2.44E-05,2.44E-05,8.69E-05,8.69E-05,0.001416989,0.001416989,0.040375937,0.040375937,0,0,0,0,0,0,0,0,0,0,0.958095802,0.958095802
202,G,0.000117006,0.000117006,0.000376803,0.000376803,0.000769042,0.000769042,0,0,0,0,0.00041871,0.00041871,0.030624093,0.030624093,0,0,0,0,0,0,0.967694347,0.967694347
203,T,1.66E-17,1.66E-17,0.00178163,0.00178163,4.59E-05,4.59E-05,1.25E-05,1.25E-05,0.025855872,0.025855872,0,0,0,0,0,0,0,0,0,0,0.972304045,0.972304045
204,G,1.59E-60,1.59E-60,6.39E-22,6.39E-22,3.27E-10,3.27E-10,0,0,0,0,4.45E-07,4.45E-07,0.032898668,0.032898668,0,0,0,0,0,0,0.967100887,0.967100887
205,G,6.92E-07,6.92E-07,0.001064674,0.001064674,0.001449786,0.001449786,0,0,0,0,0.001754611,0.001754611,0.032544822,0.032544822,0,0,0,0,0,0,0.963185415,0.963185415
206,A,4.26E-17,4.26E-17,0,0,0.00130211,0.00130211,3.19E-05,3.19E-05,0,0,0.000358815,0.000358815,0,0,0,0,0.035492215,0.035492215,0,0,0.962814976,0.962814976
207,A,0.000534356,0.000534356,0,0,0.000747806,0.000747806,0.000539442,0.000539442,0,0,0.000487305,0.000487305,0,0,0,0,0.039351561,0.039351561,0,0,0.958339529,0.958339529
208,A,2.17E-05,2.17E-05,0,0,0.002632588,0.002632588,0.000462048,0.000462048,0,0,0.002455991,0.002455991,0,0,0,0,0.043597554,0.043597554,0,0,0.950830096,0.950830096
209,G,0.000147784,0.000147784,6.97E-05,6.97E-05,0.000851391,0.000851391,0,0,0,0,0.002745623,0.002745623,0.048084543,0.048084543,0,0,0,0,0,0,0.948100911,0.948100911
210,A,0.000423946,0.000423946,0,0,0.00073749,0.00073749,0.000147272,0.000147272,0,0,0.002314382,0.002314382,0,0,0,0,0.039963616,0.039963616,0,0,0.956413293,0.956413293
211,T,1.31E-14,1.31E-14,0.000356522,0.000356522,9.31E-05,9.31E-05,0.000604779,0.000604779,0.052148888,0.052148888,0,0,0,0,0,0,0,0,0,0,0.946796715,0.946796715
212,A,8.04E-07,8.04E-07,0,0,0.00444626,0.00444626,0.000287245,0.000287245,0,0,0.004287789,0.004287789,0,0,0,0,0.028069429,0.028069429,0,0,0.962908473,0.962908473
213,C,1.08E-06,1.08E-06,0.001588881,0.001588881,0,0,0.000409787,0.000409787,0,0,0.00100233,0.00100233,0,0,0.041421295,0.041421295,0,0,0,0,0.955576627,0.955576627
214,C,6.40E-05,6.40E-05,0.002392171,0.002392171,0,0,0.00184975,0.00184975,0,0,0.000519842,0.000519842,0,0,0.04827565,0.04827565,0,0,0,0,0.946898634,0.946898634
215,T,7.65E-20,7.65E-20,8.67E-05,8.67E-05,3.88E-06,3.88E-06,3.83E-05,3.83E-05,0.042488981,0.042488981,0,0,0,0,0,0,0,0,0,0,0.957382197,0.957382197
216,A,3.15E-06,3.15E-06,0,0,0.001469669,0.001469669,1.24E-06,1.24E-06,0,0,0.001106978,0.001106978,0,0,0,0,0.031967434,0.031967434,0,0,0.965451524,0.965451524
217,A,2.32E-06,2.32E-06,0,0,0.000168745,0.000168745,1.48E-05,1.48E-05,0,0,0.001226822,0.001226822,0,0,0,0,0.033988662,0.033988662,0,0,0.964598665,0.964598665
218,A,1.30E-07,1.30E-07,0,0,0.002558073,0.002558073,0.002766405,0.002766405,0,0,0.002211878,0.002211878,0,0,0,0,0.042103342,0.042103342,0,0,0.950360172,0.950360172
219,G,6.91E-05,6.91E-05,0.000271823,0.000271823,0.000765707,0.000765707,0,0,0,0,5.11E-05,5.11E-05,0.037166212,0.037166212,0,0,0,0,0,0,0.9616761,0.9616761
220,G,6.10E-05,6.10E-05,0.000658197,0.000658197,0.001756623,0.001756623,0,0,0,0,0.00326271,0.00326271,0.033113027,0.033113027,0,0,0,0,0,0,0.961148413,0.961148413
221,A,4.70E-05,4.70E-05,0,0,0.000334972,0.000334972,0.000112193,0.000112193,0,0,0.004266484,0.004266484,0,0,0,0,0.04381996,0.04381996,0,0,0.951419395,0.951419395
222,T,6.10E-14,6.10E-14,2.41E-05,2.41E-05,0.000640059,0.000640059,2.05E-08,2.05E-08,0.041866813,0.041866813,0,0,0,0,0,0,0,0,0,0,0.957469048,0.957469048
223,C,4.80E-05,4.80E-05,0.002780828,0.002780828,0,0,0.000155336,0.000155336,0,0,0.000103161,0.000103161,0,0,0.030696699,0.030696699,0,0,0,0,0.966215968,0.966215968
224,A,1.94E-07,1.94E-07,0,0,7.74E-05,7.74E-05,0.004141895,0.004141895,0,0,0.00223108,0.00223108,0,0,0,0,0.038343662,0.038343662,0,0,0.955205739,0.955205739
225,A,0.000233768,0.000233768,0,0,0.003407706,0.003407706,0.000573332,0.000573332,0,0,0.000462383,0.000462383,0,0,0,0,0.039838895,0.039838895,0,0,0.955483917,0.955483917
226,C,2.38E-07,2.38E-07,0.000979102,0.000979102,0,0,0.001069671,0.001069671,0,0,0.000116364,0.000116364,0,0,0.037436927,0.037436927,0,0,0,0,0.960397698,0.960397698
227,A,0.001631929,0.001631929,0,0,0.000454051,0.000454051,0.000673417,0.000673417,0,0,0.001063046,0.001063046,0,0,0,0,0.040560416,0.040560416,0,0,0.955617141,0.955617141
228,G,6.64E-05,6.64E-05,0.00119247,0.00119247,0.002363264,0.002363264,0,0,0,0,6.31E-05,6.31E-05,0.033699661,0.033699661,0,0,0,0,0,0,0.962615099,0.962615099
229,C,0.000236093,0.000236093,0.001552515,0.001552515,0,0,4.89E-05,4.89E-05,0,0,0.001210254,0.001210254,0,0,0.03931019,0.03931019,0,0,0,0,0.957642002,0.957642002
230,T,1.17E-29,1.17E-29,5.83E-05,5.83E-05,0.000210089,0.000210089,6.67E-05,6.67E-05,0.039821587,0.039821587,0,0,0,0,0,0,0,0,0,0,0.959843296,0.959843296
231,C,2.28E-07,2.28E-07,0.00058029,0.00058029,0,0,0.00017353,0.00017353,0,0,0.000123131,0.000123131,0,0,0.051643988,0.051643988,0,0,0,0,0.947478834,0.947478834
232,C,1.30E-12,1.30E-12,0.001659859,0.001659859,0,0,0.002195772,0.002195772,0,0,8.95E-06,8.95E-06,0,0,0.032353725,0.032353725,0,0,0,0,0.963781689,0.963781689